batch_index,metric,tau,area,comp,suff
0,mae,0,0.05,6.585542,29.377476
0,mae,0,0.075,6.965199,28.826509
0,mae,0,0.1,7.2818,28.507004
0,mae,0,0.15,7.786318,26.778803
0,mse,0,0.05,4.044682,48.412773
0,mse,0,0.075,4.242559,47.061279
0,mse,0,0.1,4.511516,46.046883
0,mse,0,0.15,5.825656,40.479111
0,mae,1,0.05,6.55118,29.522165
0,mae,1,0.075,7.368332,28.694027
0,mae,1,0.1,7.58309,28.561684
0,mae,1,0.15,8.940742,27.263004
0,mse,1,0.05,4.070971,49.32386
0,mse,1,0.075,4.902431,46.37558
0,mse,1,0.1,5.197853,45.832253
0,mse,1,0.15,6.915804,41.899551
0,mae,2,0.05,6.638499,29.467758
0,mae,2,0.075,7.267489,28.791092
0,mae,2,0.1,8.057148,28.180635
0,mae,2,0.15,8.874989,26.793884
0,mse,2,0.05,4.088702,48.904396
0,mse,2,0.075,4.812247,46.661789
0,mse,2,0.1,5.443756,44.949402
0,mse,2,0.15,6.882487,40.333836
0,mae,3,0.05,5.900514,29.402294
0,mae,3,0.075,7.057002,28.33308
0,mae,3,0.1,7.546623,28.092079
0,mae,3,0.15,8.921133,26.345783
0,mse,3,0.05,3.335129,48.922508
0,mse,3,0.075,4.353296,45.410076
0,mse,3,0.1,5.019393,44.493088
0,mse,3,0.15,6.487701,39.686295
0,mae,4,0.05,6.281786,29.339279
0,mae,4,0.075,7.049999,28.175739
0,mae,4,0.1,7.659998,27.355419
0,mae,4,0.15,8.338184,25.887869
0,mse,4,0.05,3.78112,48.496422
0,mse,4,0.075,4.398833,45.019409
0,mse,4,0.1,4.890798,42.758251
0,mse,4,0.15,5.749099,38.933887
0,mae,5,0.05,6.449152,29.39291
0,mae,5,0.075,7.187054,28.365284
0,mae,5,0.1,7.692576,28.097519
0,mae,5,0.15,8.638511,26.238396
0,mse,5,0.05,3.680707,48.461731
0,mse,5,0.075,4.281051,46.030205
0,mse,5,0.1,4.924509,45.677742
0,mse,5,0.15,6.201018,40.14254
0,mae,6,0.05,5.882665,29.842972
0,mae,6,0.075,6.552454,29.225319
0,mae,6,0.1,7.111149,28.766136
0,mae,6,0.15,8.248327,27.237207
0,mse,6,0.05,3.127379,49.721741
0,mse,6,0.075,3.595208,47.997391
0,mse,6,0.1,4.063846,46.724659
0,mse,6,0.15,5.608072,42.526253
0,mae,7,0.05,6.644178,29.827122
0,mae,7,0.075,7.157737,29.011517
0,mae,7,0.1,7.600503,28.629364
0,mae,7,0.15,8.367185,26.882927
0,mse,7,0.05,4.011323,49.619427
0,mse,7,0.075,4.460007,47.740387
0,mse,7,0.1,4.821538,46.617371
0,mse,7,0.15,6.017817,41.583828
0,mae,8,0.05,6.337878,29.900032
0,mae,8,0.075,6.578747,28.983219
0,mae,8,0.1,7.160114,28.485455
0,mae,8,0.15,8.134883,27.203512
0,mse,8,0.05,3.97113,49.792942
0,mse,8,0.075,4.17094,47.119034
0,mse,8,0.1,4.695118,45.606918
0,mse,8,0.15,5.716646,42.211807
0,mae,9,0.05,6.186708,29.831667
0,mae,9,0.075,6.625629,29.323215
0,mae,9,0.1,7.046075,29.021473
0,mae,9,0.15,7.654105,27.720978
0,mse,9,0.05,3.921537,49.577457
0,mse,9,0.075,4.380881,48.331131
0,mse,9,0.1,4.833313,47.277
0,mse,9,0.15,5.427894,43.249035
0,mae,10,0.05,6.265041,29.545372
0,mae,10,0.075,6.877009,28.948288
0,mae,10,0.1,7.00963,28.84906
0,mae,10,0.15,7.300844,27.24342
0,mse,10,0.05,3.860079,48.771332
0,mse,10,0.075,4.301632,46.941097
0,mse,10,0.1,4.411862,46.703255
0,mse,10,0.15,4.95329,42.276833
0,mae,11,0.05,6.254029,30.104446
0,mae,11,0.075,7.471529,28.752834
0,mae,11,0.1,7.533649,28.598785
0,mae,11,0.15,8.078733,27.335762
0,mse,11,0.05,3.853214,50.838806
0,mse,11,0.075,4.899656,46.682926
0,mse,11,0.1,4.99465,46.393936
0,mse,11,0.15,5.578106,42.833656
0,mae,12,0.05,6.282805,30.016365
0,mae,12,0.075,6.456,29.302185
0,mae,12,0.1,6.698895,28.752319
0,mae,12,0.15,7.670307,27.21664
0,mse,12,0.05,3.727837,50.326168
0,mse,12,0.075,3.988254,47.96225
0,mse,12,0.1,4.096338,46.764393
0,mse,12,0.15,4.979942,42.574211
0,mae,13,0.05,6.853334,29.945358
0,mae,13,0.075,6.760374,28.862431
0,mae,13,0.1,7.15707,28.432495
0,mae,13,0.15,8.057471,27.123306
0,mse,13,0.05,4.239544,50.148323
0,mse,13,0.075,4.340194,47.17952
0,mse,13,0.1,4.752057,45.935658
0,mse,13,0.15,5.620047,42.240616
0,mae,14,0.05,5.879683,30.144285
0,mae,14,0.075,6.645903,29.463776
0,mae,14,0.1,6.70575,28.784554
0,mae,14,0.15,7.757,27.150126
0,mse,14,0.05,3.444703,51.298096
0,mse,14,0.075,4.23051,49.234093
0,mse,14,0.1,4.24199,47.303261
0,mse,14,0.15,5.190891,42.441597
0,mae,15,0.05,6.408583,30.128361
0,mae,15,0.075,6.632576,29.208897
0,mae,15,0.1,6.749201,28.991049
0,mae,15,0.15,7.824127,27.046246
0,mse,15,0.05,3.811631,50.842297
0,mse,15,0.075,4.151104,48.16909
0,mse,15,0.1,4.2761,47.734779
0,mse,15,0.15,5.054243,42.40873
0,mae,16,0.05,5.307326,30.159475
0,mae,16,0.075,6.008305,29.44072
0,mae,16,0.1,6.42082,28.862694
0,mae,16,0.15,7.796516,26.865482
0,mse,16,0.05,2.831489,51.371559
0,mse,16,0.075,3.496655,49.312729
0,mse,16,0.1,3.905949,47.528954
0,mse,16,0.15,4.949997,41.727333
0,mae,17,0.05,5.566153,30.26333
0,mae,17,0.075,6.449968,29.125832
0,mae,17,0.1,6.945333,28.29257
0,mae,17,0.15,7.863961,26.758476
0,mse,17,0.05,3.122683,51.129906
0,mse,17,0.075,3.89572,47.915981
0,mse,17,0.1,4.36249,45.651222
0,mse,17,0.15,5.231521,41.577702
0,mae,18,0.05,6.558468,30.091518
0,mae,18,0.075,6.762969,29.303549
0,mae,18,0.1,7.210578,28.735758
0,mae,18,0.15,7.854897,26.808004
0,mse,18,0.05,4.011333,50.493675
0,mse,18,0.075,4.222279,48.154099
0,mse,18,0.1,4.826604,46.53936
0,mse,18,0.15,5.366704,41.406433
0,mae,19,0.05,6.176255,30.191744
0,mae,19,0.075,6.691868,29.532637
0,mae,19,0.1,6.952041,28.827868
0,mae,19,0.15,7.385412,26.842806
0,mse,19,0.05,3.718098,50.363098
0,mse,19,0.075,4.188625,48.48922
0,mse,19,0.1,4.410289,46.689434
0,mse,19,0.15,4.794024,41.136871
0,mae,20,0.05,6.481974,29.693321
0,mae,20,0.075,7.300968,28.841488
0,mae,20,0.1,7.417423,28.084959
0,mae,20,0.15,8.153255,26.826937
0,mse,20,0.05,4.035615,49.387833
0,mse,20,0.075,4.764221,46.815563
0,mse,20,0.1,4.886357,44.621696
0,mse,20,0.15,5.492558,41.425911
0,mae,21,0.05,5.817074,30.133148
0,mae,21,0.075,6.962709,28.652081
0,mae,21,0.1,6.947521,27.89027
0,mae,21,0.15,7.803892,26.752563
0,mse,21,0.05,3.128568,50.375732
0,mse,21,0.075,4.43659,45.985886
0,mse,21,0.1,4.338594,43.907444
0,mse,21,0.15,5.200506,41.345272
0,mae,22,0.05,6.428611,29.644951
0,mae,22,0.075,6.968045,29.077763
0,mae,22,0.1,7.434029,28.107025
0,mae,22,0.15,8.594008,26.57394
0,mse,22,0.05,3.84594,49.131008
0,mse,22,0.075,4.157534,47.504742
0,mse,22,0.1,4.921415,44.540558
0,mse,22,0.15,6.270397,40.254196
0,mae,23,0.05,6.261677,29.667625
0,mae,23,0.075,7.118601,28.536777
0,mae,23,0.1,7.19146,28.109554
0,mae,23,0.15,8.555271,26.921501
0,mse,23,0.05,3.647967,49.515289
0,mse,23,0.075,4.390574,45.504028
0,mse,23,0.1,4.405252,44.462746
0,mse,23,0.15,6.506507,40.879368
1,mae,0,0.05,7.619332,30.329571
1,mae,0,0.075,7.911154,29.328915
1,mae,0,0.1,8.454247,29.027794
1,mae,0,0.15,9.6966,26.943363
1,mse,0,0.05,5.425844,58.946239
1,mse,0,0.075,5.747453,55.059845
1,mse,0,0.1,6.088912,54.350262
1,mse,0,0.15,7.459645,48.015491
1,mae,1,0.05,7.748065,30.051643
1,mae,1,0.075,7.973589,29.409313
1,mae,1,0.1,8.268463,28.579315
1,mae,1,0.15,9.553472,26.471077
1,mse,1,0.05,5.6214,58.304699
1,mse,1,0.075,5.839071,55.862022
1,mse,1,0.1,6.002952,54.043758
1,mse,1,0.15,7.199647,46.103897
1,mae,2,0.05,7.410305,29.942608
1,mae,2,0.075,8.193442,28.183134
1,mae,2,0.1,8.378928,27.374578
1,mae,2,0.15,10.118966,25.741205
1,mse,2,0.05,5.148704,57.686172
1,mse,2,0.075,5.962739,51.89724
1,mse,2,0.1,6.165543,49.82053
1,mse,2,0.15,7.677271,45.794697
1,mae,3,0.05,6.305732,29.532581
1,mae,3,0.075,7.191932,28.206074
1,mae,3,0.1,8.164254,27.419497
1,mae,3,0.15,10.046736,25.232044
1,mse,3,0.05,3.524115,56.639797
1,mse,3,0.075,4.284986,52.64666
1,mse,3,0.1,5.860117,50.995842
1,mse,3,0.15,7.510288,44.395233
1,mae,4,0.05,7.467458,29.802086
1,mae,4,0.075,8.256661,28.386591
1,mae,4,0.1,8.906056,26.92527
1,mae,4,0.15,10.945208,24.901649
1,mse,4,0.05,4.777092,57.8288
1,mse,4,0.075,5.204999,53.004997
1,mse,4,0.1,5.788697,48.533646
1,mse,4,0.15,8.431734,41.365372
1,mae,5,0.05,7.973239,29.923016
1,mae,5,0.075,8.909638,28.147781
1,mae,5,0.1,9.536088,26.416882
1,mae,5,0.15,10.706772,24.208447
1,mse,5,0.05,5.33944,57.578892
1,mse,5,0.075,6.041818,51.453392
1,mse,5,0.1,6.691517,45.713032
1,mse,5,0.15,7.539197,38.797539
1,mae,6,0.05,7.910216,29.5326
1,mae,6,0.075,9.162675,28.229918
1,mae,6,0.1,10.383939,27.111868
1,mae,6,0.15,11.80624,24.66477
1,mse,6,0.05,5.295978,55.196255
1,mse,6,0.075,6.36842,51.41713
1,mse,6,0.1,7.705675,47.181107
1,mse,6,0.15,9.238607,39.226051
1,mae,7,0.05,7.607769,30.377193
1,mae,7,0.075,8.720612,29.151384
1,mae,7,0.1,9.778603,27.742977
1,mae,7,0.15,11.602904,25.901793
1,mse,7,0.05,5.126976,58.00938
1,mse,7,0.075,6.057848,53.46273
1,mse,7,0.1,6.951477,48.6082
1,mse,7,0.15,9.038184,43.535477
1,mae,8,0.05,6.55641,31.100216
1,mae,8,0.075,7.835697,29.760107
1,mae,8,0.1,8.538555,28.621059
1,mae,8,0.15,11.071133,26.616343
1,mse,8,0.05,3.984082,61.334183
1,mse,8,0.075,5.199189,56.030022
1,mse,8,0.1,5.823183,50.887268
1,mse,8,0.15,8.15112,44.966118
1,mae,9,0.05,7.29775,30.777624
1,mae,9,0.075,8.428228,29.273739
1,mae,9,0.1,9.627825,28.395109
1,mae,9,0.15,11.327141,25.46254
1,mse,9,0.05,4.722038,60.156425
1,mse,9,0.075,5.637004,55.080948
1,mse,9,0.1,7.108002,51.814133
1,mse,9,0.15,8.890431,42.36586
1,mae,10,0.05,7.315698,31.091393
1,mae,10,0.075,8.524317,30.156307
1,mae,10,0.1,9.090716,28.877285
1,mae,10,0.15,11.389586,27.053545
1,mse,10,0.05,4.891942,61.024658
1,mse,10,0.075,5.795405,57.621536
1,mse,10,0.1,6.409961,52.718472
1,mse,10,0.15,9.062031,46.432014
1,mae,11,0.05,7.253075,30.808369
1,mae,11,0.075,8.286251,30.138573
1,mae,11,0.1,8.423909,29.04678
1,mae,11,0.15,10.774132,26.658714
1,mse,11,0.05,4.750747,60.458961
1,mse,11,0.075,5.620595,57.672356
1,mse,11,0.1,5.707144,54.183086
1,mse,11,0.15,8.705304,44.56422
1,mae,12,0.05,7.268469,30.68329
1,mae,12,0.075,8.05755,30.147682
1,mae,12,0.1,8.432774,29.355503
1,mae,12,0.15,9.742323,26.807388
1,mse,12,0.05,4.655109,59.695927
1,mse,12,0.075,5.819448,58.249226
1,mse,12,0.1,6.243734,55.335258
1,mse,12,0.15,7.451349,45.78199
1,mae,13,0.05,7.41714,30.487423
1,mae,13,0.075,7.370264,29.535082
1,mae,13,0.1,7.93285,28.652542
1,mae,13,0.15,9.742565,26.898514
1,mse,13,0.05,4.685942,58.872021
1,mse,13,0.075,4.49624,55.773651
1,mse,13,0.1,5.000569,52.303005
1,mse,13,0.15,7.469463,46.321087
1,mae,14,0.05,7.466834,30.205275
1,mae,14,0.075,8.18359,29.757401
1,mae,14,0.1,8.352033,28.441616
1,mae,14,0.15,9.749654,27.228241
1,mse,14,0.05,5.604825,57.812004
1,mse,14,0.075,5.957899,56.696808
1,mse,14,0.1,6.093354,51.62056
1,mse,14,0.15,7.656888,47.179043
1,mae,15,0.05,7.448816,30.501074
1,mae,15,0.075,8.00618,29.481747
1,mae,15,0.1,9.09198,29.338272
1,mae,15,0.15,10.733129,27.412575
1,mse,15,0.05,5.414376,58.456665
1,mse,15,0.075,5.933653,54.932011
1,mse,15,0.1,6.900839,54.407314
1,mse,15,0.15,8.569218,47.867035
1,mae,16,0.05,7.994727,30.400478
1,mae,16,0.075,9.115477,29.22168
1,mae,16,0.1,10.435799,27.774456
1,mae,16,0.15,11.729443,26.568157
1,mse,16,0.05,5.949796,57.909203
1,mse,16,0.075,7.017897,53.460182
1,mse,16,0.1,8.707158,48.00444
1,mse,16,0.15,10.224291,45.018082
1,mae,17,0.05,7.464566,30.532059
1,mae,17,0.075,8.733433,29.21376
1,mae,17,0.1,9.466938,28.563131
1,mae,17,0.15,11.381452,25.916771
1,mse,17,0.05,5.351982,58.780506
1,mse,17,0.075,6.626844,54.183327
1,mse,17,0.1,7.46486,52.613487
1,mse,17,0.15,9.543522,42.347912
1,mae,18,0.05,7.669233,30.560797
1,mae,18,0.075,8.823843,29.351501
1,mae,18,0.1,9.498199,28.712687
1,mae,18,0.15,11.146491,27.051554
1,mse,18,0.05,5.656496,59.285919
1,mse,18,0.075,6.781047,55.274361
1,mse,18,0.1,7.3949,52.707161
1,mse,18,0.15,9.191106,47.541397
1,mae,19,0.05,7.907791,29.842806
1,mae,19,0.075,9.060436,28.508762
1,mae,19,0.1,10.456015,27.44562
1,mae,19,0.15,11.496565,26.284998
1,mse,19,0.05,5.688865,56.940979
1,mse,19,0.075,6.734509,52.217503
1,mse,19,0.1,8.459703,48.818382
1,mse,19,0.15,9.587468,45.847282
1,mae,20,0.05,7.191311,30.542389
1,mae,20,0.075,8.36743,29.060598
1,mae,20,0.1,9.699661,27.87788
1,mae,20,0.15,11.185404,26.249941
1,mse,20,0.05,4.573173,59.463448
1,mse,20,0.075,5.810467,54.082115
1,mse,20,0.1,7.267085,50.618942
1,mse,20,0.15,8.997063,45.634201
1,mae,21,0.05,7.769078,29.714298
1,mae,21,0.075,9.486605,28.278057
1,mae,21,0.1,9.669558,27.660908
1,mae,21,0.15,11.135584,26.024853
1,mse,21,0.05,5.713355,57.182442
1,mse,21,0.075,7.619954,52.05637
1,mse,21,0.1,7.658609,50.359184
1,mse,21,0.15,9.195724,44.684444
1,mae,22,0.05,7.268736,30.375599
1,mae,22,0.075,8.325377,28.888866
1,mae,22,0.1,9.342012,27.973089
1,mae,22,0.15,11.115093,26.219212
1,mse,22,0.05,5.647515,59.558624
1,mse,22,0.075,6.484295,55.29298
1,mse,22,0.1,7.729379,51.638409
1,mse,22,0.15,9.500713,46.464256
1,mae,23,0.05,7.983224,30.267342
1,mae,23,0.075,8.283044,28.934875
1,mae,23,0.1,8.943695,27.813473
1,mae,23,0.15,11.147551,26.198046
1,mse,23,0.05,5.990005,59.191475
1,mse,23,0.075,6.215812,55.402004
1,mse,23,0.1,6.826824,51.957291
1,mse,23,0.15,9.479438,46.459858
2,mae,0,0.05,5.566554,25.281544
2,mae,0,0.075,6.664935,24.360268
2,mae,0,0.1,7.246581,23.150661
2,mae,0,0.15,7.983456,22.190659
2,mse,0,0.05,2.731919,37.466454
2,mse,0,0.075,3.578316,34.794144
2,mse,0,0.1,4.108863,31.455992
2,mse,0,0.15,4.853186,28.795557
2,mae,1,0.05,5.599901,24.774229
2,mae,1,0.075,6.788983,24.183956
2,mae,1,0.1,7.456076,23.418398
2,mae,1,0.15,8.717407,21.91571
2,mse,1,0.05,2.720051,35.951859
2,mse,1,0.075,3.803027,33.99646
2,mse,1,0.1,4.35241,32.117989
2,mse,1,0.15,5.755797,28.233255
2,mae,2,0.05,5.492589,24.471004
2,mae,2,0.075,6.846114,23.58353
2,mae,2,0.1,7.686314,22.851254
2,mae,2,0.15,9.285145,21.849041
2,mse,2,0.05,2.471402,35.459633
2,mse,2,0.075,3.768474,32.369904
2,mse,2,0.1,4.585557,30.783396
2,mse,2,0.15,6.392027,27.633862
2,mae,3,0.05,5.888339,24.629004
2,mae,3,0.075,6.824751,24.191727
2,mae,3,0.1,7.316743,23.76997
2,mae,3,0.15,9.093441,22.225489
2,mse,3,0.05,2.902114,35.847107
2,mse,3,0.075,3.754283,34.418396
2,mse,3,0.1,4.03682,32.936401
2,mse,3,0.15,5.955493,28.655918
2,mae,4,0.05,5.863643,24.603931
2,mae,4,0.075,7.103627,23.506607
2,mae,4,0.1,7.7411,23.809919
2,mae,4,0.15,9.318959,22.916328
2,mse,4,0.05,2.72388,35.377083
2,mse,4,0.075,3.741664,32.384659
2,mse,4,0.1,4.24438,32.631245
2,mse,4,0.15,6.097282,30.074768
2,mae,5,0.05,6.471744,24.98086
2,mae,5,0.075,7.321183,24.078766
2,mae,5,0.1,7.998419,23.308756
2,mae,5,0.15,9.637564,22.058918
2,mse,5,0.05,3.229028,36.443901
2,mse,5,0.075,3.735703,33.666809
2,mse,5,0.1,4.407391,31.880186
2,mse,5,0.15,6.469151,28.374016
2,mae,6,0.05,6.102094,25.250221
2,mae,6,0.075,7.534723,24.222359
2,mae,6,0.1,7.998742,23.361237
2,mae,6,0.15,9.39994,21.918278
2,mse,6,0.05,3.097806,37.333073
2,mse,6,0.075,4.101938,34.540703
2,mse,6,0.1,4.545444,32.325005
2,mse,6,0.15,6.075768,29.048729
2,mae,7,0.05,5.072414,25.642033
2,mae,7,0.075,6.654638,24.833809
2,mae,7,0.1,7.105674,23.669125
2,mae,7,0.15,8.948229,22.762114
2,mse,7,0.05,2.230234,38.302063
2,mse,7,0.075,3.447082,36.331314
2,mse,7,0.1,3.805258,33.431778
2,mse,7,0.15,5.767499,31.613255
2,mae,8,0.05,5.781216,25.334534
2,mae,8,0.075,6.772932,24.264118
2,mae,8,0.1,7.514438,23.584999
2,mae,8,0.15,9.196853,22.418922
2,mse,8,0.05,2.848125,37.451126
2,mse,8,0.075,3.501561,35.221252
2,mse,8,0.1,4.176517,33.647156
2,mse,8,0.15,6.353242,30.471951
2,mae,9,0.05,5.542444,25.571495
2,mae,9,0.075,6.408171,23.93782
2,mae,9,0.1,7.486451,23.007921
2,mae,9,0.15,9.46406,22.037498
2,mse,9,0.05,2.656348,38.382797
2,mse,9,0.075,3.279838,34.253906
2,mse,9,0.1,4.24701,32.00066
2,mse,9,0.15,6.369678,29.760273
2,mae,10,0.05,5.563096,25.382271
2,mae,10,0.075,6.374675,23.752319
2,mae,10,0.1,7.503466,22.89271
2,mae,10,0.15,8.238218,21.526474
2,mse,10,0.05,2.745945,37.812206
2,mse,10,0.075,3.231843,33.754242
2,mse,10,0.1,4.338361,31.679785
2,mse,10,0.15,5.018923,28.568008
2,mae,11,0.05,5.335732,25.322836
2,mae,11,0.075,6.287006,24.583078
2,mae,11,0.1,6.821199,24.069267
2,mae,11,0.15,8.528695,22.606245
2,mse,11,0.05,2.563449,37.102501
2,mse,11,0.075,3.20794,35.745926
2,mse,11,0.1,3.602671,34.212196
2,mse,11,0.15,5.283543,31.236345
2,mae,12,0.05,5.093732,25.041355
2,mae,12,0.075,6.174266,24.814568
2,mae,12,0.1,6.93188,24.259209
2,mae,12,0.15,7.838675,22.756073
2,mse,12,0.05,2.314153,36.983727
2,mse,12,0.075,3.071681,35.85738
2,mse,12,0.1,3.615259,34.773235
2,mse,12,0.15,4.347912,31.619862
2,mae,13,0.05,5.42967,25.738827
2,mae,13,0.075,6.433321,24.755472
2,mae,13,0.1,7.430072,23.97192
2,mae,13,0.15,7.974344,22.593975
2,mse,13,0.05,2.502788,38.305374
2,mse,13,0.075,3.1109,35.780617
2,mse,13,0.1,3.949273,33.990547
2,mse,13,0.15,4.510036,30.88641
2,mae,14,0.05,5.252114,25.338921
2,mae,14,0.075,6.313776,24.341341
2,mae,14,0.1,6.917472,23.77684
2,mae,14,0.15,8.726295,22.673641
2,mse,14,0.05,2.582456,37.114128
2,mse,14,0.075,3.155316,34.662506
2,mse,14,0.1,3.559918,33.147808
2,mse,14,0.15,5.180238,30.145128
2,mae,15,0.05,5.492482,25.033066
2,mae,15,0.075,6.775182,24.294811
2,mae,15,0.1,6.994286,23.204102
2,mae,15,0.15,8.702214,21.522186
2,mse,15,0.05,2.624395,36.721718
2,mse,15,0.075,3.553667,34.805458
2,mse,15,0.1,3.621287,32.140785
2,mse,15,0.15,5.033567,27.968864
2,mae,16,0.05,5.814869,24.89238
2,mae,16,0.075,6.468048,23.459932
2,mae,16,0.1,6.853526,22.959198
2,mae,16,0.15,8.696257,21.816917
2,mse,16,0.05,2.795204,36.058388
2,mse,16,0.075,3.227935,33.202332
2,mse,16,0.1,3.545734,31.67857
2,mse,16,0.15,5.267066,28.905336
2,mae,17,0.05,5.893505,25.022612
2,mae,17,0.075,6.376081,23.984299
2,mae,17,0.1,6.702355,23.601246
2,mae,17,0.15,8.108441,21.681881
2,mse,17,0.05,3.040883,37.078194
2,mse,17,0.075,3.236283,34.566212
2,mse,17,0.1,3.333749,33.430412
2,mse,17,0.15,4.649512,28.196049
2,mae,18,0.05,5.043783,26.026161
2,mae,18,0.075,6.326236,24.569952
2,mae,18,0.1,6.629926,23.771851
2,mae,18,0.15,8.347345,22.566343
2,mse,18,0.05,2.312032,39.51033
2,mse,18,0.075,3.21144,35.699417
2,mse,18,0.1,3.533171,33.911854
2,mse,18,0.15,5.098944,30.285938
2,mae,19,0.05,4.791541,25.396521
2,mae,19,0.075,5.620638,24.789785
2,mae,19,0.1,6.303944,24.214138
2,mae,19,0.15,7.76618,22.874062
2,mse,19,0.05,2.080364,37.990147
2,mse,19,0.075,2.652214,36.914322
2,mse,19,0.1,3.093873,34.756088
2,mse,19,0.15,4.817889,31.242229
2,mae,20,0.05,5.697256,24.819567
2,mae,20,0.075,6.245372,23.93404
2,mae,20,0.1,7.167305,23.63508
2,mae,20,0.15,9.10759,22.659805
2,mse,20,0.05,2.780849,36.584953
2,mse,20,0.075,3.247836,34.919029
2,mse,20,0.1,3.863804,33.641544
2,mse,20,0.15,6.247739,31.011013
2,mae,21,0.05,5.944566,25.526993
2,mae,21,0.075,6.961565,24.474106
2,mae,21,0.1,7.891071,23.910378
2,mae,21,0.15,9.291433,22.448503
2,mse,21,0.05,2.978464,38.666939
2,mse,21,0.075,3.841724,36.297516
2,mse,21,0.1,4.818379,34.302799
2,mse,21,0.15,6.825851,30.434097
2,mae,22,0.05,5.906257,25.223516
2,mae,22,0.075,6.814843,24.377922
2,mae,22,0.1,7.273063,24.070587
2,mae,22,0.15,8.645335,22.243465
2,mse,22,0.05,2.97606,37.642735
2,mse,22,0.075,3.601491,35.704102
2,mse,22,0.1,4.219744,35.103294
2,mse,22,0.15,5.758204,29.585917
2,mae,23,0.05,5.9588,25.279644
2,mae,23,0.075,6.709307,24.599529
2,mae,23,0.1,7.492333,23.88983
2,mae,23,0.15,8.631303,22.50091
2,mse,23,0.05,2.889054,37.920551
2,mse,23,0.075,3.666831,36.380653
2,mse,23,0.1,4.324599,34.534012
2,mse,23,0.15,5.403483,30.342081
3,mae,0,0.05,5.719904,35.362541
3,mae,0,0.075,6.731741,34.123215
3,mae,0,0.1,7.355865,33.790176
3,mae,0,0.15,8.668341,32.108826
3,mse,0,0.05,2.965545,69.871307
3,mse,0,0.075,3.5286,65.15181
3,mse,0,0.1,4.203288,63.942787
3,mse,0,0.15,6.011527,58.383137
3,mae,1,0.05,5.828649,35.400131
3,mae,1,0.075,6.485044,34.601135
3,mae,1,0.1,7.645094,34.103962
3,mae,1,0.15,9.309781,32.612846
3,mse,1,0.05,2.988291,69.910027
3,mse,1,0.075,3.486284,67.006279
3,mse,1,0.1,4.660175,65.174988
3,mse,1,0.15,6.280814,60.860027
3,mae,2,0.05,5.766611,36.003521
3,mae,2,0.075,6.240766,34.371353
3,mae,2,0.1,7.520693,34.010498
3,mae,2,0.15,8.915278,31.843159
3,mse,2,0.05,2.814397,72.099915
3,mse,2,0.075,3.157161,66.381744
3,mse,2,0.1,4.231387,65.33252
3,mse,2,0.15,5.940144,57.417648
3,mae,3,0.05,6.324155,35.488537
3,mae,3,0.075,6.818095,33.738926
3,mae,3,0.1,8.044942,33.070023
3,mae,3,0.15,9.605251,31.76033
3,mse,3,0.05,3.291795,70.391792
3,mse,3,0.075,3.455947,64.304962
3,mse,3,0.1,4.925576,62.060806
3,mse,3,0.15,6.868122,58.05225
3,mae,4,0.05,6.219079,35.333637
3,mae,4,0.075,6.931783,33.928398
3,mae,4,0.1,8.094715,33.205658
3,mae,4,0.15,10.212837,31.025532
3,mse,4,0.05,3.103064,69.55719
3,mse,4,0.075,3.976511,64.67067
3,mse,4,0.1,4.986412,62.318275
3,mse,4,0.15,7.55463,55.335197
3,mae,5,0.05,5.950932,35.260117
3,mae,5,0.075,7.565802,33.827515
3,mae,5,0.1,8.466923,33.392006
3,mae,5,0.15,10.132292,30.528618
3,mse,5,0.05,3.109976,69.67556
3,mse,5,0.075,4.491694,64.274994
3,mse,5,0.1,5.478674,62.790989
3,mse,5,0.15,7.267882,53.607216
3,mae,6,0.05,6.385198,34.907963
3,mae,6,0.075,7.563474,33.703537
3,mae,6,0.1,8.050275,32.675758
3,mae,6,0.15,10.135362,31.202374
3,mse,6,0.05,3.669499,67.807106
3,mse,6,0.075,4.8343,64.041901
3,mse,6,0.1,5.319492,60.66523
3,mse,6,0.15,7.528903,55.70475
3,mae,7,0.05,6.070214,35.681427
3,mae,7,0.075,6.88265,34.189072
3,mae,7,0.1,7.853519,33.048637
3,mae,7,0.15,9.522577,30.735664
3,mse,7,0.05,3.202084,70.438812
3,mse,7,0.075,3.890053,65.240067
3,mse,7,0.1,5.085176,61.246014
3,mse,7,0.15,6.676736,53.664192
3,mae,8,0.05,6.068388,35.508919
3,mae,8,0.075,7.34593,33.429913
3,mae,8,0.1,8.337812,32.771393
3,mae,8,0.15,10.784073,31.05187
3,mse,8,0.05,3.235154,69.666672
3,mse,8,0.075,4.356964,62.12545
3,mse,8,0.1,5.749204,59.923424
3,mse,8,0.15,9.12236,54.459385
3,mae,9,0.05,5.961344,35.728447
3,mae,9,0.075,7.158789,33.730236
3,mae,9,0.1,8.593644,32.85482
3,mae,9,0.15,10.067644,31.152872
3,mse,9,0.05,3.25693,70.726494
3,mse,9,0.075,4.252156,63.114532
3,mse,9,0.1,5.973855,59.968887
3,mse,9,0.15,8.043547,53.663403
3,mae,10,0.05,6.919444,34.622658
3,mae,10,0.075,7.602875,33.18671
3,mae,10,0.1,7.945055,32.655792
3,mae,10,0.15,9.865291,31.049524
3,mse,10,0.05,4.079414,66.424461
3,mse,10,0.075,4.897702,61.380928
3,mse,10,0.1,5.259641,59.033066
3,mse,10,0.15,7.212315,53.263988
3,mae,11,0.05,6.648867,34.589542
3,mae,11,0.075,7.080258,33.694725
3,mae,11,0.1,7.616769,32.718067
3,mae,11,0.15,9.458986,31.515583
3,mse,11,0.05,3.665702,66.534821
3,mse,11,0.075,3.988719,63.10321
3,mse,11,0.1,4.471002,59.741386
3,mse,11,0.15,6.515388,55.063091
3,mae,12,0.05,6.409947,35.207138
3,mae,12,0.075,7.252068,33.633327
3,mae,12,0.1,7.385247,33.199696
3,mae,12,0.15,9.121608,31.259398
3,mse,12,0.05,3.497015,68.612083
3,mse,12,0.075,4.22866,63.025455
3,mse,12,0.1,4.252218,61.65554
3,mse,12,0.15,6.024267,54.879044
3,mae,13,0.05,6.453703,35.70813
3,mae,13,0.075,7.087763,34.036488
3,mae,13,0.1,7.278901,33.024902
3,mae,13,0.15,9.215725,31.312662
3,mse,13,0.05,3.369224,70.908432
3,mse,13,0.075,4.137764,64.638382
3,mse,13,0.1,4.340783,61.202103
3,mse,13,0.15,6.205692,55.384819
3,mae,14,0.05,5.998906,35.736885
3,mae,14,0.075,6.805471,34.624035
3,mae,14,0.1,7.040279,33.791069
3,mae,14,0.15,8.961103,32.007847
3,mse,14,0.05,3.037724,71.056602
3,mse,14,0.075,3.62045,67.031754
3,mse,14,0.1,3.963913,63.757336
3,mse,14,0.15,6.037895,58.128422
3,mae,15,0.05,6.172561,35.751827
3,mae,15,0.075,7.257786,34.887009
3,mae,15,0.1,7.480861,34.445831
3,mae,15,0.15,8.5748,32.372284
3,mse,15,0.05,3.15689,71.182495
3,mse,15,0.075,4.292564,67.692238
3,mse,15,0.1,4.451877,66.175751
3,mse,15,0.15,5.453366,59.130531
3,mae,16,0.05,5.652149,36.073883
3,mae,16,0.075,6.845814,35.430283
3,mae,16,0.1,7.283286,34.61631
3,mae,16,0.15,9.1714,32.421345
3,mse,16,0.05,2.919022,72.250572
3,mse,16,0.075,4.019155,70.115463
3,mse,16,0.1,4.344662,67.38089
3,mse,16,0.15,6.154398,59.472958
3,mae,17,0.05,6.696781,35.673973
3,mae,17,0.075,7.214399,34.858032
3,mae,17,0.1,7.745216,34.039696
3,mae,17,0.15,8.900187,32.259533
3,mse,17,0.05,3.787352,70.775757
3,mse,17,0.075,4.188604,67.951759
3,mse,17,0.1,4.677073,65.768509
3,mse,17,0.15,6.010433,58.242958
3,mae,18,0.05,5.587164,35.974731
3,mae,18,0.075,6.795997,34.878372
3,mae,18,0.1,7.067792,34.152592
3,mae,18,0.15,8.725307,32.907528
3,mse,18,0.05,2.78385,71.963219
3,mse,18,0.075,3.901254,67.9599
3,mse,18,0.1,4.044477,65.003845
3,mse,18,0.15,5.858449,60.586845
3,mae,19,0.05,6.559767,35.721626
3,mae,19,0.075,7.160293,34.74099
3,mae,19,0.1,7.259453,33.970154
3,mae,19,0.15,9.072168,32.049076
3,mse,19,0.05,3.523344,71.383972
3,mse,19,0.075,4.285107,67.496147
3,mse,19,0.1,4.268435,64.200233
3,mse,19,0.15,5.957904,57.754543
3,mae,20,0.05,6.442289,36.084454
3,mae,20,0.075,6.930809,35.005089
3,mae,20,0.1,7.581133,34.766129
3,mae,20,0.15,8.43749,32.790318
3,mse,20,0.05,3.440935,71.679489
3,mse,20,0.075,3.77385,67.764885
3,mse,20,0.1,4.537552,66.652824
3,mse,20,0.15,5.264045,59.777695
3,mae,21,0.05,6.681523,36.116829
3,mae,21,0.075,7.695146,34.862587
3,mae,21,0.1,7.863837,34.11853
3,mae,21,0.15,9.050632,31.822083
3,mse,21,0.05,3.490056,72.789413
3,mse,21,0.075,4.412329,67.932579
3,mse,21,0.1,4.66191,65.099419
3,mse,21,0.15,6.27016,57.288723
3,mae,22,0.05,6.605861,35.767876
3,mae,22,0.075,7.812624,35.081089
3,mae,22,0.1,7.751707,33.969357
3,mae,22,0.15,9.018032,31.50378
3,mse,22,0.05,3.538738,71.28035
3,mse,22,0.075,4.670913,68.848862
3,mse,22,0.1,4.668091,64.713875
3,mse,22,0.15,6.205075,55.757477
3,mae,23,0.05,6.452833,35.919907
3,mae,23,0.075,7.43086,35.046051
3,mae,23,0.1,7.782429,34.341621
3,mae,23,0.15,8.52586,32.492771
3,mse,23,0.05,3.744724,72.172104
3,mse,23,0.075,4.503438,69.477272
3,mse,23,0.1,4.894217,66.814056
3,mse,23,0.15,5.939317,60.03429
4,mae,0,0.05,5.695212,31.099026
4,mae,0,0.075,6.753785,29.630684
4,mae,0,0.1,7.094996,28.75539
4,mae,0,0.15,8.385599,26.652597
4,mse,0,0.05,2.734925,53.687302
4,mse,0,0.075,3.965761,48.913681
4,mse,0,0.1,4.225565,46.189312
4,mse,0,0.15,5.590403,39.779648
4,mae,1,0.05,6.276179,30.758551
4,mae,1,0.075,6.855913,29.809349
4,mae,1,0.1,7.355443,28.902912
4,mae,1,0.15,8.736626,26.275591
4,mse,1,0.05,3.402475,52.466656
4,mse,1,0.075,3.923942,49.322403
4,mse,1,0.1,4.602086,46.348385
4,mse,1,0.15,6.409574,38.277298
4,mae,2,0.05,6.149229,30.596676
4,mae,2,0.075,7.060709,29.471189
4,mae,2,0.1,7.846763,27.947418
4,mae,2,0.15,9.532092,25.94194
4,mse,2,0.05,3.635556,51.871399
4,mse,2,0.075,4.653055,47.972645
4,mse,2,0.1,5.693071,43.542336
4,mse,2,0.15,7.604648,37.918015
4,mae,3,0.05,6.293283,30.82102
4,mae,3,0.075,7.220477,29.556213
4,mae,3,0.1,7.997254,28.197689
4,mae,3,0.15,10.446267,25.565031
4,mse,3,0.05,3.40864,52.528839
4,mse,3,0.075,4.612759,48.528984
4,mse,3,0.1,5.541563,44.008636
4,mse,3,0.15,8.643918,37.122742
4,mae,4,0.05,6.409772,30.493063
4,mae,4,0.075,7.29896,29.034058
4,mae,4,0.1,7.724295,27.910797
4,mae,4,0.15,9.677668,25.830753
4,mse,4,0.05,3.794072,51.535091
4,mse,4,0.075,4.939754,46.788757
4,mse,4,0.1,5.377825,42.984016
4,mse,4,0.15,7.69177,37.582176
4,mae,5,0.05,6.50804,30.261818
4,mae,5,0.075,7.358153,29.023436
4,mae,5,0.1,7.733876,27.579578
4,mae,5,0.15,9.523821,25.420456
4,mse,5,0.05,3.844683,50.600849
4,mse,5,0.075,4.85078,46.558601
4,mse,5,0.1,5.077321,42.635109
4,mse,5,0.15,7.334848,36.665932
4,mae,6,0.05,6.401355,29.92318
4,mae,6,0.075,6.885608,28.653639
4,mae,6,0.1,7.658619,27.982342
4,mae,6,0.15,9.692877,25.864012
4,mse,6,0.05,3.754082,49.498852
4,mse,6,0.075,4.359936,45.393505
4,mse,6,0.1,5.165233,43.471569
4,mse,6,0.15,7.429113,37.434944
4,mae,7,0.05,6.38232,30.178596
4,mae,7,0.075,7.150512,29.066111
4,mae,7,0.1,8.030107,28.123428
4,mae,7,0.15,9.629937,26.052021
4,mse,7,0.05,3.734141,50.183273
4,mse,7,0.075,4.432137,46.766144
4,mse,7,0.1,5.570595,43.667511
4,mse,7,0.15,7.363886,37.876118
4,mae,8,0.05,6.20944,30.717211
4,mae,8,0.075,6.87873,29.396158
4,mae,8,0.1,7.3283,28.616056
4,mae,8,0.15,9.003635,27.392384
4,mse,8,0.05,3.736386,51.995113
4,mse,8,0.075,4.515121,47.781174
4,mse,8,0.1,4.991066,45.538643
4,mse,8,0.15,7.08987,41.481815
4,mae,9,0.05,6.23574,30.926115
4,mae,9,0.075,7.031803,29.789387
4,mae,9,0.1,7.417083,28.850819
4,mae,9,0.15,8.919886,26.994682
4,mse,9,0.05,3.657735,52.391258
4,mse,9,0.075,4.602509,48.794952
4,mse,9,0.1,5.142907,45.763809
4,mse,9,0.15,6.730988,40.127518
4,mae,10,0.05,6.160289,30.7456
4,mae,10,0.075,7.099011,29.497585
4,mae,10,0.1,7.533764,28.581474
4,mae,10,0.15,9.08787,26.733641
4,mse,10,0.05,3.639299,51.584961
4,mse,10,0.075,4.577764,47.77673
4,mse,10,0.1,5.000008,44.896576
4,mse,10,0.15,6.400907,38.990044
4,mae,11,0.05,6.13492,30.649658
4,mae,11,0.075,7.095076,29.540394
4,mae,11,0.1,7.4134,29.096596
4,mae,11,0.15,8.592137,27.190289
4,mse,11,0.05,3.601828,51.400406
4,mse,11,0.075,4.661284,47.567165
4,mse,11,0.1,4.941519,46.184929
4,mse,11,0.15,6.009002,40.572632
4,mae,12,0.05,6.071388,30.923622
4,mae,12,0.075,7.287855,29.506651
4,mae,12,0.1,7.381682,29.22835
4,mae,12,0.15,8.856951,27.137005
4,mse,12,0.05,3.51884,52.711411
4,mse,12,0.075,4.415687,48.279022
4,mse,12,0.1,4.541666,47.312222
4,mse,12,0.15,6.047988,41.04353
4,mae,13,0.05,5.694257,30.986504
4,mae,13,0.075,6.955255,29.376244
4,mae,13,0.1,7.103794,28.504536
4,mae,13,0.15,9.208755,26.410877
4,mse,13,0.05,3.110652,52.835533
4,mse,13,0.075,4.292551,48.123398
4,mse,13,0.1,4.351592,45.305214
4,mse,13,0.15,6.709699,39.507915
4,mae,14,0.05,5.434214,30.951195
4,mae,14,0.075,6.627803,29.258942
4,mae,14,0.1,6.915288,28.270721
4,mae,14,0.15,8.890579,26.48542
4,mse,14,0.05,2.976595,52.885437
4,mse,14,0.075,4.00548,47.804184
4,mse,14,0.1,4.314069,45.012787
4,mse,14,0.15,6.582524,39.505096
4,mae,15,0.05,6.467808,30.310352
4,mae,15,0.075,7.24614,28.962885
4,mae,15,0.1,8.177262,28.155212
4,mae,15,0.15,10.270421,26.585461
4,mse,15,0.05,3.888822,51.007812
4,mse,15,0.075,4.55161,46.496635
4,mse,15,0.1,5.649792,44.246273
4,mse,15,0.15,8.103464,39.767731
4,mae,16,0.05,6.897014,30.39304
4,mae,16,0.075,7.589612,29.475086
4,mae,16,0.1,8.922372,28.814621
4,mae,16,0.15,10.680329,26.144573
4,mse,16,0.05,4.219304,50.725937
4,mse,16,0.075,4.913609,47.784332
4,mse,16,0.1,6.386912,45.831696
4,mse,16,0.15,8.772307,37.727516
4,mae,17,0.05,6.08609,30.483837
4,mae,17,0.075,7.595637,29.578089
4,mae,17,0.1,7.994327,28.662189
4,mae,17,0.15,9.247805,26.443619
4,mse,17,0.05,3.503078,51.543514
4,mse,17,0.075,4.722808,48.280392
4,mse,17,0.1,5.00977,45.235626
4,mse,17,0.15,6.727325,38.717056
4,mae,18,0.05,6.239128,30.736971
4,mae,18,0.075,7.734268,29.536041
4,mae,18,0.1,8.496,28.617634
4,mae,18,0.15,9.85385,26.135208
4,mse,18,0.05,3.531832,51.920685
4,mse,18,0.075,4.958597,47.947128
4,mse,18,0.1,5.740986,44.855087
4,mse,18,0.15,7.90039,37.933857
4,mae,19,0.05,6.691236,30.710157
4,mae,19,0.075,7.49502,29.785656
4,mae,19,0.1,7.796168,28.688286
4,mae,19,0.15,9.362383,26.335527
4,mse,19,0.05,4.150105,52.015251
4,mse,19,0.075,4.992284,48.854164
4,mse,19,0.1,5.435929,45.504913
4,mse,19,0.15,7.217032,38.636326
4,mae,20,0.05,6.811371,30.7393
4,mae,20,0.075,7.723484,29.51132
4,mae,20,0.1,7.941431,28.756166
4,mae,20,0.15,9.090559,26.463842
4,mse,20,0.05,4.138634,52.243286
4,mse,20,0.075,4.991062,48.410492
4,mse,20,0.1,5.311975,45.964005
4,mse,20,0.15,6.619071,39.348255
4,mae,21,0.05,6.50425,30.922421
4,mae,21,0.075,7.394206,29.485863
4,mae,21,0.1,7.512171,28.567913
4,mae,21,0.15,9.142373,26.250053
4,mse,21,0.05,3.594542,52.639587
4,mse,21,0.075,4.615905,47.720062
4,mse,21,0.1,4.594109,45.245163
4,mse,21,0.15,6.668147,38.763672
4,mae,22,0.05,6.280142,30.691753
4,mae,22,0.075,7.21532,28.910391
4,mae,22,0.1,8.323235,28.735327
4,mae,22,0.15,10.187301,26.041674
4,mse,22,0.05,3.465995,51.818672
4,mse,22,0.075,4.455066,46.335369
4,mse,22,0.1,5.74974,45.504723
4,mse,22,0.15,8.009624,38.066677
4,mae,23,0.05,6.535551,30.792479
4,mae,23,0.075,7.689527,29.513023
4,mae,23,0.1,8.310471,28.645639
4,mae,23,0.15,9.416151,26.643015
4,mse,23,0.05,3.720238,52.217293
4,mse,23,0.075,5.279065,47.836197
4,mse,23,0.1,6.07609,45.253494
4,mse,23,0.15,7.364129,39.44566
5,mae,0,0.05,5.26876,29.546728
5,mae,0,0.075,6.123106,28.686722
5,mae,0,0.1,6.607015,27.856106
5,mae,0,0.15,7.561191,26.690826
5,mse,0,0.05,2.718963,49.998299
5,mse,0,0.075,3.114157,47.105583
5,mse,0,0.1,3.464104,44.614983
5,mse,0,0.15,4.413218,41.102463
5,mae,1,0.05,6.07234,29.213326
5,mae,1,0.075,6.709245,28.232693
5,mae,1,0.1,7.354428,27.365547
5,mae,1,0.15,8.059841,25.414268
5,mse,1,0.05,3.132174,48.770027
5,mse,1,0.075,3.577531,45.279747
5,mse,1,0.1,4.217969,42.824795
5,mse,1,0.15,4.916172,37.464035
5,mae,2,0.05,6.453154,28.829472
5,mae,2,0.075,7.108742,27.719734
5,mae,2,0.1,7.422406,27.272692
5,mae,2,0.15,8.138803,25.554058
5,mse,2,0.05,3.726364,47.623821
5,mse,2,0.075,4.336738,44.742126
5,mse,2,0.1,4.70003,43.242599
5,mse,2,0.15,5.177056,38.315079
5,mae,3,0.05,6.008379,28.553276
5,mae,3,0.075,6.329434,27.424519
5,mae,3,0.1,7.11998,26.811718
5,mae,3,0.15,7.968217,25.48255
5,mse,3,0.05,3.170926,46.980122
5,mse,3,0.075,3.470608,44.159473
5,mse,3,0.1,4.601739,42.478081
5,mse,3,0.15,5.424274,38.366516
5,mae,4,0.05,6.389449,28.697479
5,mae,4,0.075,7.051648,28.137739
5,mae,4,0.1,7.656654,27.398966
5,mae,4,0.15,8.361523,25.871037
5,mse,4,0.05,4.0166,47.646454
5,mse,4,0.075,4.469476,46.379669
5,mse,4,0.1,4.956933,43.938412
5,mse,4,0.15,5.487085,39.242439
5,mae,5,0.05,5.873462,29.063425
5,mae,5,0.075,7.137093,28.26651
5,mae,5,0.1,7.631922,27.579159
5,mae,5,0.15,8.7622,25.730736
5,mse,5,0.05,3.451521,48.01067
5,mse,5,0.075,4.535606,46.300198
5,mse,5,0.1,5.016624,44.586994
5,mse,5,0.15,6.03381,38.767334
5,mae,6,0.05,5.943905,29.164339
5,mae,6,0.075,6.880776,28.239334
5,mae,6,0.1,7.326292,27.735012
5,mae,6,0.15,8.169537,25.712421
5,mse,6,0.05,3.609263,47.850742
5,mse,6,0.075,4.332817,45.455147
5,mse,6,0.1,4.614785,44.239048
5,mse,6,0.15,5.500948,38.591602
5,mae,7,0.05,5.601207,29.011189
5,mae,7,0.075,6.599137,28.153008
5,mae,7,0.1,7.008264,27.52597
5,mae,7,0.15,8.159173,25.874472
5,mse,7,0.05,2.989367,47.208458
5,mse,7,0.075,4.114888,44.602913
5,mse,7,0.1,4.474158,43.109119
5,mse,7,0.15,5.494972,38.452652
5,mae,8,0.05,5.449677,29.290369
5,mae,8,0.075,6.089708,28.715141
5,mae,8,0.1,6.688766,28.343994
5,mae,8,0.15,8.007016,26.273987
5,mse,8,0.05,2.989218,48.13789
5,mse,8,0.075,3.441871,46.06794
5,mse,8,0.1,4.245987,44.687908
5,mse,8,0.15,5.492418,39.02483
5,mae,9,0.05,5.225788,29.459009
5,mae,9,0.075,5.800625,29.322155
5,mae,9,0.1,6.614133,28.526127
5,mae,9,0.15,7.412272,26.566753
5,mse,9,0.05,2.608095,49.16338
5,mse,9,0.075,3.374454,48.457802
5,mse,9,0.1,3.904088,45.932495
5,mse,9,0.15,4.426321,40.490021
5,mae,10,0.05,5.383896,29.661049
5,mae,10,0.075,6.165753,28.941212
5,mae,10,0.1,6.565969,28.261826
5,mae,10,0.15,7.513024,26.852644
5,mse,10,0.05,2.795197,49.503311
5,mse,10,0.075,3.678155,47.360394
5,mse,10,0.1,3.852733,45.523262
5,mse,10,0.15,4.795944,41.50663
5,mae,11,0.05,5.402642,29.743078
5,mae,11,0.075,6.098615,28.834515
5,mae,11,0.1,6.085173,28.119606
5,mae,11,0.15,6.963683,27.32
5,mse,11,0.05,2.861476,49.957939
5,mse,11,0.075,3.339785,47.277779
5,mse,11,0.1,3.382898,45.09692
5,mse,11,0.15,4.301481,43.025177
5,mae,12,0.05,5.389547,29.384789
5,mae,12,0.075,5.78848,28.44606
5,mae,12,0.1,6.098561,27.98888
5,mae,12,0.15,7.32969,27.068413
5,mse,12,0.05,2.89562,49.165417
5,mse,12,0.075,3.089965,46.338737
5,mse,12,0.1,3.474676,44.892109
5,mse,12,0.15,4.71034,42.152946
5,mae,13,0.05,4.94133,29.828596
5,mae,13,0.075,5.856703,29.000652
5,mae,13,0.1,6.328721,28.087048
5,mae,13,0.15,6.959602,27.05728
5,mse,13,0.05,2.409648,50.272781
5,mse,13,0.075,3.134204,47.682495
5,mse,13,0.1,3.609106,45.187172
5,mse,13,0.15,4.203029,42.742321
5,mae,14,0.05,5.226347,29.498884
5,mae,14,0.075,5.737872,28.739281
5,mae,14,0.1,6.107223,28.497444
5,mae,14,0.15,7.129943,26.787827
5,mse,14,0.05,2.614974,49.367531
5,mse,14,0.075,2.999187,47.089558
5,mse,14,0.1,3.433986,46.451408
5,mse,14,0.15,4.239277,42.277164
5,mae,15,0.05,4.771263,29.507561
5,mae,15,0.075,5.195496,28.815922
5,mae,15,0.1,6.070868,28.149292
5,mae,15,0.15,7.506437,26.543215
5,mse,15,0.05,2.164063,49.88092
5,mse,15,0.075,2.499803,47.874199
5,mse,15,0.1,3.293458,46.005726
5,mse,15,0.15,4.507356,41.567753
5,mae,16,0.05,5.224569,29.320452
5,mae,16,0.075,6.554754,28.415932
5,mae,16,0.1,6.883336,27.757664
5,mae,16,0.15,7.813811,26.474522
5,mse,16,0.05,2.676366,49.260536
5,mse,16,0.075,3.753141,46.933571
5,mse,16,0.1,4.105872,44.748451
5,mse,16,0.15,5.299783,41.439766
5,mae,17,0.05,5.697657,29.129313
5,mae,17,0.075,6.584945,28.116461
5,mae,17,0.1,6.909365,27.413212
5,mae,17,0.15,8.257513,26.105812
5,mse,17,0.05,3.138487,48.487103
5,mse,17,0.075,3.859309,45.325397
5,mse,17,0.1,4.18891,43.470276
5,mse,17,0.15,5.535365,39.840359
5,mae,18,0.05,5.322546,29.331299
5,mae,18,0.075,6.865112,27.869062
5,mae,18,0.1,7.001191,27.137589
5,mae,18,0.15,7.915679,25.879532
5,mse,18,0.05,2.763011,48.937778
5,mse,18,0.075,4.007532,44.498188
5,mse,18,0.1,4.040233,42.260586
5,mse,18,0.15,5.164851,38.632484
5,mae,19,0.05,5.387114,29.015785
5,mae,19,0.075,6.560124,27.72646
5,mae,19,0.1,6.685935,27.002613
5,mae,19,0.15,8.195957,25.369511
5,mse,19,0.05,2.626247,47.437004
5,mse,19,0.075,3.673555,43.925224
5,mse,19,0.1,3.772093,41.530792
5,mse,19,0.15,5.211432,37.247917
5,mae,20,0.05,4.964632,29.820747
5,mae,20,0.075,5.700058,28.544233
5,mae,20,0.1,6.292607,27.612091
5,mae,20,0.15,7.738044,25.415276
5,mse,20,0.05,2.492372,49.807793
5,mse,20,0.075,3.02945,46.202248
5,mse,20,0.1,3.484849,43.166794
5,mse,20,0.15,5.335953,37.172466
5,mae,21,0.05,4.623509,29.570368
5,mae,21,0.075,5.414955,28.819464
5,mae,21,0.1,5.974147,27.653814
5,mae,21,0.15,8.209974,25.732723
5,mse,21,0.05,2.195522,49.919006
5,mse,21,0.075,2.545527,47.681477
5,mse,21,0.1,3.13484,44.273281
5,mse,21,0.15,5.832009,38.396851
5,mae,22,0.05,5.331363,29.120781
5,mae,22,0.075,6.012283,28.478512
5,mae,22,0.1,6.81274,28.191549
5,mae,22,0.15,8.699469,25.935097
5,mse,22,0.05,2.723099,47.834927
5,mse,22,0.075,3.258883,46.215782
5,mse,22,0.1,4.046119,45.493607
5,mse,22,0.15,5.935126,39.138733
5,mae,23,0.05,5.470118,29.012188
5,mae,23,0.075,6.138228,28.878639
5,mae,23,0.1,6.961205,28.428249
5,mae,23,0.15,7.987427,26.398457
5,mse,23,0.05,2.979916,48.134975
5,mse,23,0.075,3.542421,48.091171
5,mse,23,0.1,4.397001,46.831409
5,mse,23,0.15,5.293918,40.079536
6,mae,0,0.05,6.819212,25.797485
6,mae,0,0.075,7.320427,24.757805
6,mae,0,0.1,7.301286,23.787991
6,mae,0,0.15,8.612988,21.973724
6,mse,0,0.05,4.416741,36.955009
6,mse,0,0.075,4.627964,34.183178
6,mse,0,0.1,4.562658,31.712971
6,mse,0,0.15,5.528576,27.851189
6,mae,1,0.05,6.798924,25.56955
6,mae,1,0.075,7.278474,24.252716
6,mae,1,0.1,7.979105,23.509724
6,mae,1,0.15,8.712851,22.197199
6,mse,1,0.05,4.205745,36.723434
6,mse,1,0.075,4.440357,33.177177
6,mse,1,0.1,4.947227,30.975525
6,mse,1,0.15,5.473237,28.063066
6,mae,2,0.05,6.48516,25.348766
6,mae,2,0.075,6.798205,23.876934
6,mae,2,0.1,7.845324,22.861179
6,mae,2,0.15,8.817423,21.626472
6,mse,2,0.05,4.045313,36.332031
6,mse,2,0.075,4.151042,32.313812
6,mse,2,0.1,4.835129,29.97608
6,mse,2,0.15,5.465989,27.185568
6,mae,3,0.05,6.337831,24.799795
6,mae,3,0.075,7.201144,23.673244
6,mae,3,0.1,7.586513,22.932579
6,mae,3,0.15,8.760841,21.501102
6,mse,3,0.05,3.668058,34.60622
6,mse,3,0.075,4.421629,31.499891
6,mse,3,0.1,4.572276,29.783823
6,mse,3,0.15,5.523388,26.576653
6,mae,4,0.05,5.367267,24.748684
6,mae,4,0.075,6.248767,24.020136
6,mae,4,0.1,6.759004,23.361404
6,mae,4,0.15,8.495321,20.944984
6,mse,4,0.05,2.737506,34.144733
6,mse,4,0.075,3.448596,32.370255
6,mse,4,0.1,3.829539,30.616829
6,mse,4,0.15,5.220312,25.416229
6,mae,5,0.05,6.261978,24.398455
6,mae,5,0.075,7.239275,23.21582
6,mae,5,0.1,7.41236,22.752657
6,mae,5,0.15,8.547771,20.771893
6,mse,5,0.05,3.527599,33.49575
6,mse,5,0.075,4.321169,30.577967
6,mse,5,0.1,4.466017,29.608923
6,mse,5,0.15,5.194069,25.305527
6,mae,6,0.05,6.396872,24.974239
6,mae,6,0.075,7.320583,23.199142
6,mae,6,0.1,7.603414,22.31617
6,mae,6,0.15,8.368808,20.830235
6,mse,6,0.05,3.750505,34.691887
6,mse,6,0.075,4.563865,30.552605
6,mse,6,0.1,4.91978,28.508087
6,mse,6,0.15,5.17538,25.433357
6,mae,7,0.05,7.092034,25.11644
6,mae,7,0.075,7.625089,23.53371
6,mae,7,0.1,7.713095,22.785103
6,mae,7,0.15,8.265106,21.08271
6,mse,7,0.05,4.21668,35.154907
6,mse,7,0.075,4.858768,31.309374
6,mse,7,0.1,4.957693,29.56723
6,mse,7,0.15,5.113025,25.786743
6,mae,8,0.05,6.964311,24.92564
6,mae,8,0.075,7.187879,23.807653
6,mae,8,0.1,7.314945,22.924278
6,mae,8,0.15,7.528274,21.572506
6,mse,8,0.05,4.355163,34.819031
6,mse,8,0.075,4.335389,32.07531
6,mse,8,0.1,4.500171,29.923294
6,mse,8,0.15,4.701735,27.075623
6,mae,9,0.05,6.992331,24.87788
6,mae,9,0.075,7.137626,23.64381
6,mae,9,0.1,7.296014,23.144278
6,mae,9,0.15,7.600642,21.65774
6,mse,9,0.05,4.412442,34.638039
6,mse,9,0.075,4.417053,31.670441
6,mse,9,0.1,4.470929,30.488342
6,mse,9,0.15,4.81575,26.930443
6,mae,10,0.05,6.961329,24.881556
6,mae,10,0.075,7.529577,24.161419
6,mae,10,0.1,7.737752,23.509296
6,mae,10,0.15,8.545237,22.216061
6,mse,10,0.05,4.490528,34.816841
6,mse,10,0.075,4.885622,33.007301
6,mse,10,0.1,5.131879,31.791708
6,mse,10,0.15,5.619005,28.590605
6,mae,11,0.05,7.135389,24.452526
6,mae,11,0.075,8.157376,23.537611
6,mae,11,0.1,8.316881,23.532572
6,mae,11,0.15,8.629721,21.853111
6,mse,11,0.05,4.433398,33.616039
6,mse,11,0.075,5.34327,31.840534
6,mse,11,0.1,5.387777,31.896595
6,mse,11,0.15,5.475968,27.984318
6,mae,12,0.05,6.926221,24.894745
6,mae,12,0.075,7.595156,23.986279
6,mae,12,0.1,7.746688,23.12595
6,mae,12,0.15,8.23075,21.727343
6,mse,12,0.05,4.149639,34.695221
6,mse,12,0.075,4.59195,32.597008
6,mse,12,0.1,4.72738,30.788048
6,mse,12,0.15,5.037887,27.365202
6,mae,13,0.05,6.740263,25.214634
6,mae,13,0.075,7.129145,24.196152
6,mae,13,0.1,7.547066,23.564686
6,mae,13,0.15,8.211873,22.488039
6,mse,13,0.05,4.124631,35.681908
6,mse,13,0.075,4.168792,33.169975
6,mse,13,0.1,4.502719,31.50466
6,mse,13,0.15,5.041014,28.991907
6,mae,14,0.05,6.778291,24.738544
6,mae,14,0.075,7.354072,23.956955
6,mae,14,0.1,7.537488,23.190994
6,mae,14,0.15,8.640495,21.65909
6,mse,14,0.05,4.412587,34.471405
6,mse,14,0.075,4.624598,32.582764
6,mse,14,0.1,4.680717,30.83304
6,mse,14,0.15,5.442709,26.96875
6,mae,15,0.05,6.236233,24.903568
6,mae,15,0.075,6.951882,24.055328
6,mae,15,0.1,7.197695,23.613224
6,mae,15,0.15,8.096455,22.268013
6,mse,15,0.05,3.655074,35.029678
6,mse,15,0.075,3.970856,33.213531
6,mse,15,0.1,4.059767,32.048252
6,mse,15,0.15,4.608192,28.681637
6,mae,16,0.05,6.323443,25.20874
6,mae,16,0.075,6.611141,24.274574
6,mae,16,0.1,7.16377,23.634743
6,mae,16,0.15,8.427183,22.438137
6,mse,16,0.05,3.574686,35.532707
6,mse,16,0.075,3.72548,33.611328
6,mse,16,0.1,4.041922,31.900442
6,mse,16,0.15,5.076252,29.353748
6,mae,17,0.05,5.504566,25.61396
6,mae,17,0.075,7.092697,24.349272
6,mae,17,0.1,7.467117,23.788412
6,mae,17,0.15,8.347507,22.696972
6,mse,17,0.05,3.008589,36.819122
6,mse,17,0.075,4.116834,33.7033
6,mse,17,0.1,4.399134,32.269341
6,mse,17,0.15,5.016764,29.731356
6,mae,18,0.05,6.908016,25.105671
6,mae,18,0.075,7.340755,24.26152
6,mae,18,0.1,7.703793,23.982075
6,mae,18,0.15,7.919868,22.787766
6,mse,18,0.05,4.133123,35.275864
6,mse,18,0.075,4.321511,33.37912
6,mse,18,0.1,4.711223,32.947327
6,mse,18,0.15,4.651001,30.175051
6,mae,19,0.05,6.834657,24.987253
6,mae,19,0.075,7.794675,24.160265
6,mae,19,0.1,8.377625,23.554501
6,mae,19,0.15,8.876796,22.24593
6,mse,19,0.05,4.254745,35.160431
6,mse,19,0.075,4.967367,33.219337
6,mse,19,0.1,5.319436,31.683931
6,mse,19,0.15,5.657218,28.64772
6,mae,20,0.05,7.554533,24.42461
6,mae,20,0.075,8.082976,23.914009
6,mae,20,0.1,8.462737,23.598507
6,mae,20,0.15,9.077589,21.757065
6,mse,20,0.05,4.809242,33.62524
6,mse,20,0.075,5.183077,32.404327
6,mse,20,0.1,5.603635,31.759579
6,mse,20,0.15,6.034387,27.660059
6,mae,21,0.05,7.152734,25.111666
6,mae,21,0.075,7.947458,24.22076
6,mae,21,0.1,8.517569,23.627113
6,mae,21,0.15,9.151824,21.498779
6,mse,21,0.05,4.853553,35.191109
6,mse,21,0.075,5.424234,33.118233
6,mse,21,0.1,5.755169,31.779242
6,mse,21,0.15,6.240202,27.121981
6,mae,22,0.05,6.987855,25.483662
6,mae,22,0.075,8.084992,24.003902
6,mae,22,0.1,8.31525,23.298927
6,mae,22,0.15,9.007578,21.655224
6,mse,22,0.05,4.461312,36.095806
6,mse,22,0.075,5.396518,32.577465
6,mse,22,0.1,5.46628,31.00605
6,mse,22,0.15,5.959692,27.290817
6,mae,23,0.05,6.528046,25.619076
6,mae,23,0.075,7.217904,24.53051
6,mae,23,0.1,7.488594,23.801268
6,mae,23,0.15,9.223883,21.624237
6,mse,23,0.05,4.069455,36.975639
6,mse,23,0.075,4.754086,34.439461
6,mse,23,0.1,4.961815,32.6614
6,mse,23,0.15,6.417078,27.410824
7,mae,0,0.05,5.495289,22.470682
7,mae,0,0.075,5.899587,21.957685
7,mae,0,0.1,6.246176,21.159679
7,mae,0,0.15,7.886423,19.275343
7,mse,0,0.05,2.437924,29.206268
7,mse,0,0.075,2.825369,27.569008
7,mse,0,0.1,2.972696,25.560953
7,mse,0,0.15,4.640758,21.597784
7,mae,1,0.05,5.338089,22.591518
7,mae,1,0.075,6.327927,21.592478
7,mae,1,0.1,6.656595,20.714085
7,mae,1,0.15,7.773925,19.512939
7,mse,1,0.05,2.328273,29.398561
7,mse,1,0.075,3.179448,26.584269
7,mse,1,0.1,3.318795,24.520287
7,mse,1,0.15,4.518417,22.132557
7,mae,2,0.05,5.03581,22.612814
7,mae,2,0.075,6.516237,21.012955
7,mae,2,0.1,7.279403,20.151382
7,mae,2,0.15,8.496723,18.678364
7,mse,2,0.05,2.338096,29.032732
7,mse,2,0.075,3.514447,25.084183
7,mse,2,0.1,4.273996,23.47814
7,mse,2,0.15,5.360408,20.615902
7,mae,3,0.05,5.357021,22.368349
7,mae,3,0.075,6.838873,21.036411
7,mae,3,0.1,7.428696,19.906542
7,mae,3,0.15,8.788633,18.109772
7,mse,3,0.05,2.262501,28.34726
7,mse,3,0.075,3.269262,25.262234
7,mse,3,0.1,3.954817,22.985218
7,mse,3,0.15,5.889909,19.264866
7,mae,4,0.05,5.65431,22.134697
7,mae,4,0.075,7.333558,20.598888
7,mae,4,0.1,8.029305,20.28632
7,mae,4,0.15,9.276182,18.442953
7,mse,4,0.05,2.569434,27.790977
7,mse,4,0.075,3.724473,24.344236
7,mse,4,0.1,4.52606,23.413139
7,mse,4,0.15,6.09519,20.125135
7,mae,5,0.05,5.180127,21.516754
7,mae,5,0.075,6.738837,20.770985
7,mae,5,0.1,7.508394,20.175579
7,mae,5,0.15,8.981506,18.661877
7,mse,5,0.05,2.140763,26.554747
7,mse,5,0.075,3.516858,24.220367
7,mse,5,0.1,4.127258,23.058096
7,mse,5,0.15,5.51575,20.420937
7,mae,6,0.05,4.780655,22.255211
7,mae,6,0.075,6.13619,21.037102
7,mae,6,0.1,7.418676,20.747889
7,mae,6,0.15,8.344885,19.071915
7,mse,6,0.05,1.862047,28.723083
7,mse,6,0.075,2.734602,25.387657
7,mse,6,0.1,3.860346,24.583118
7,mse,6,0.15,4.976161,20.986866
7,mae,7,0.05,4.901983,22.421925
7,mae,7,0.075,5.687611,21.586914
7,mae,7,0.1,6.001359,21.134394
7,mae,7,0.15,7.844436,19.275829
7,mse,7,0.05,1.922435,29.222097
7,mse,7,0.075,2.557463,27.087917
7,mse,7,0.1,2.748447,25.825802
7,mse,7,0.15,4.55302,21.949299
7,mae,8,0.05,5.145383,22.909079
7,mae,8,0.075,6.083874,21.822113
7,mae,8,0.1,6.261403,21.246778
7,mae,8,0.15,7.178667,20.073483
7,mse,8,0.05,2.100874,30.386189
7,mse,8,0.075,2.844306,27.597328
7,mse,8,0.1,2.997385,26.400536
7,mse,8,0.15,3.89644,24.045036
7,mae,9,0.05,4.890185,22.817722
7,mae,9,0.075,6.180344,21.46912
7,mae,9,0.1,6.547586,21.02393
7,mae,9,0.15,7.07828,20.111473
7,mse,9,0.05,1.989858,30.59663
7,mse,9,0.075,2.945962,27.058235
7,mse,9,0.1,3.382087,25.952124
7,mse,9,0.15,4.194841,24.110052
7,mae,10,0.05,5.106382,22.491962
7,mae,10,0.075,5.670273,21.332376
7,mae,10,0.1,5.93132,20.61673
7,mae,10,0.15,7.138687,20.125027
7,mse,10,0.05,2.226547,29.301662
7,mse,10,0.075,2.653056,26.732361
7,mse,10,0.1,2.883137,24.986843
7,mse,10,0.15,4.114059,23.771711
7,mae,11,0.05,4.951135,22.679272
7,mae,11,0.075,5.648416,21.929182
7,mae,11,0.1,5.934684,21.289585
7,mae,11,0.15,6.578625,20.19688
7,mse,11,0.05,2.216131,29.811905
7,mse,11,0.075,2.764992,27.866539
7,mse,11,0.1,2.898141,26.565628
7,mse,11,0.15,3.596492,24.25185
7,mae,12,0.05,4.84009,22.654999
7,mae,12,0.075,5.794886,21.973536
7,mae,12,0.1,6.102391,21.410152
7,mae,12,0.15,6.6785,20.449581
7,mse,12,0.05,1.992664,29.469137
7,mse,12,0.075,2.698658,27.853144
7,mse,12,0.1,2.999035,26.709526
7,mse,12,0.15,3.598753,25.298107
7,mae,13,0.05,4.5722,22.459173
7,mae,13,0.075,5.596823,21.821938
7,mae,13,0.1,6.264857,21.379787
7,mae,13,0.15,7.085929,19.974295
7,mse,13,0.05,1.980713,28.948025
7,mse,13,0.075,2.691522,27.646851
7,mse,13,0.1,3.339393,26.56802
7,mse,13,0.15,4.033984,24.118862
7,mae,14,0.05,4.962713,22.732758
7,mae,14,0.075,6.069352,21.876366
7,mae,14,0.1,6.514555,21.456207
7,mae,14,0.15,7.569983,20.549835
7,mse,14,0.05,2.060256,29.585154
7,mse,14,0.075,2.863109,27.423618
7,mse,14,0.1,3.227576,26.490444
7,mse,14,0.15,4.695743,24.987106
7,mae,15,0.05,5.53884,22.520817
7,mae,15,0.075,6.347246,21.186735
7,mae,15,0.1,7.325116,20.766104
7,mae,15,0.15,8.465543,19.612282
7,mse,15,0.05,2.644318,29.058949
7,mse,15,0.075,3.444747,26.128698
7,mse,15,0.1,4.221441,25.31229
7,mse,15,0.15,5.306945,23.438541
7,mae,16,0.05,5.183883,23.033922
7,mae,16,0.075,6.575957,21.015079
7,mae,16,0.1,7.559836,20.777592
7,mae,16,0.15,9.032716,19.629429
7,mse,16,0.05,2.31963,30.47224
7,mse,16,0.075,3.727055,25.688646
7,mse,16,0.1,4.426294,25.130924
7,mse,16,0.15,6.009719,22.931654
7,mae,17,0.05,5.603811,22.746969
7,mae,17,0.075,6.686335,21.152058
7,mae,17,0.1,7.132649,20.352995
7,mae,17,0.15,8.651757,19.237192
7,mse,17,0.05,2.732757,29.337391
7,mse,17,0.075,3.65184,25.773445
7,mse,17,0.1,4.050479,24.4177
7,mse,17,0.15,5.437417,22.697811
7,mae,18,0.05,5.517774,22.848181
7,mae,18,0.075,6.385195,21.373955
7,mae,18,0.1,6.754191,20.741478
7,mae,18,0.15,8.389941,19.379148
7,mse,18,0.05,2.453084,29.784067
7,mse,18,0.075,3.41027,26.26276
7,mse,18,0.1,3.723123,25.113068
7,mse,18,0.15,5.181268,22.142357
7,mae,19,0.05,5.09375,22.538258
7,mae,19,0.075,6.912416,21.525433
7,mae,19,0.1,7.278964,20.99054
7,mae,19,0.15,8.567202,19.654594
7,mse,19,0.05,2.013225,28.959396
7,mse,19,0.075,3.705661,26.618435
7,mse,19,0.1,4.111601,25.432968
7,mse,19,0.15,5.251072,22.705715
7,mae,20,0.05,5.329452,22.758102
7,mae,20,0.075,6.664351,21.29484
7,mae,20,0.1,7.355192,20.844902
7,mae,20,0.15,8.160051,18.758228
7,mse,20,0.05,2.253022,29.684856
7,mse,20,0.075,3.196538,26.219227
7,mse,20,0.1,3.770728,25.250824
7,mse,20,0.15,4.786274,20.503494
7,mae,21,0.05,5.301649,22.207012
7,mae,21,0.075,6.626513,20.804821
7,mae,21,0.1,7.140875,20.058163
7,mae,21,0.15,8.717142,18.375025
7,mse,21,0.05,2.212888,28.235878
7,mse,21,0.075,3.310184,25.03019
7,mse,21,0.1,3.77054,23.620968
7,mse,21,0.15,5.329154,20.005722
7,mae,22,0.05,5.251297,22.100143
7,mae,22,0.075,6.644639,20.872896
7,mae,22,0.1,7.463338,20.494671
7,mae,22,0.15,8.18505,19.060005
7,mse,22,0.05,2.22519,28.365515
7,mse,22,0.075,3.276191,25.479462
7,mse,22,0.1,3.85723,24.640858
7,mse,22,0.15,4.61008,21.454418
7,mae,23,0.05,5.357584,22.389221
7,mae,23,0.075,6.087227,21.339161
7,mae,23,0.1,7.035415,20.478275
7,mae,23,0.15,7.933639,19.520273
7,mse,23,0.05,2.421374,28.741768
7,mse,23,0.075,2.950145,25.96883
7,mse,23,0.1,3.670941,24.29694
7,mse,23,0.15,4.47369,22.232275
8,mae,0,0.05,5.021055,25.60643
8,mae,0,0.075,5.157366,24.293255
8,mae,0,0.1,5.705723,23.742577
8,mae,0,0.15,6.623068,22.372547
8,mse,0,0.05,2.517155,37.015129
8,mse,0,0.075,2.609035,33.139481
8,mse,0,0.1,2.886449,31.701336
8,mse,0,0.15,3.582137,28.670383
8,mae,1,0.05,5.137683,24.640247
8,mae,1,0.075,5.579691,23.803402
8,mae,1,0.1,5.655859,23.183125
8,mae,1,0.15,7.101087,21.819096
8,mse,1,0.05,2.598585,34.349712
8,mse,1,0.075,2.760914,31.842215
8,mse,1,0.1,2.72023,30.235386
8,mse,1,0.15,3.836835,26.696159
8,mae,2,0.05,5.36189,24.745842
8,mae,2,0.075,5.36412,24.004753
8,mae,2,0.1,5.951003,23.470154
8,mae,2,0.15,7.571722,21.880592
8,mse,2,0.05,2.634606,34.525524
8,mse,2,0.075,2.651273,32.738411
8,mse,2,0.1,3.065683,31.110968
8,mse,2,0.15,4.244438,27.061243
8,mae,3,0.05,4.75693,25.584225
8,mae,3,0.075,5.385314,24.307976
8,mae,3,0.1,5.61883,23.589931
8,mae,3,0.15,7.109839,21.43005
8,mse,3,0.05,1.801713,37.297745
8,mse,3,0.075,2.454556,33.694824
8,mse,3,0.1,2.627019,31.848724
8,mse,3,0.15,3.820183,26.217457
8,mae,4,0.05,5.414873,24.827631
8,mae,4,0.075,5.975463,23.463095
8,mae,4,0.1,6.299797,23.261402
8,mae,4,0.15,7.055882,21.470579
8,mse,4,0.05,2.663645,35.089039
8,mse,4,0.075,3.093361,31.66832
8,mse,4,0.1,3.357557,31.151667
8,mse,4,0.15,3.887408,26.361664
8,mae,5,0.05,5.465344,24.321606
8,mae,5,0.075,6.043386,23.654205
8,mae,5,0.1,6.136495,22.829811
8,mae,5,0.15,6.872519,21.350391
8,mse,5,0.05,2.728237,34.208122
8,mse,5,0.075,3.168629,32.616337
8,mse,5,0.1,3.210044,30.355923
8,mse,5,0.15,3.704064,26.620268
8,mae,6,0.05,5.397274,24.362316
8,mae,6,0.075,6.085421,23.429626
8,mae,6,0.1,6.549674,22.699123
8,mae,6,0.15,7.608767,21.279362
8,mse,6,0.05,2.747084,33.559658
8,mse,6,0.075,3.25817,31.501265
8,mse,6,0.1,3.570099,29.601669
8,mse,6,0.15,4.357213,26.018906
8,mae,7,0.05,5.428725,24.951221
8,mae,7,0.075,6.132092,24.244701
8,mae,7,0.1,6.344555,23.156704
8,mae,7,0.15,7.623664,21.628948
8,mse,7,0.05,2.96937,35.044304
8,mse,7,0.075,3.415547,33.503326
8,mse,7,0.1,3.472632,30.738928
8,mse,7,0.15,4.542158,27.195927
8,mae,8,0.05,4.756765,25.65093
8,mae,8,0.075,5.43391,24.808937
8,mae,8,0.1,6.315146,23.878782
8,mae,8,0.15,7.38598,21.7167
8,mse,8,0.05,2.171176,37.247997
8,mse,8,0.075,2.566725,35.282745
8,mse,8,0.1,3.373287,33.185188
8,mse,8,0.15,4.272208,26.99971
8,mae,9,0.05,5.003734,25.483719
8,mae,9,0.075,5.564745,24.832033
8,mae,9,0.1,6.320049,24.056103
8,mae,9,0.15,7.04821,21.623062
8,mse,9,0.05,2.497762,36.893581
8,mse,9,0.075,2.79627,35.242798
8,mse,9,0.1,3.275394,33.128937
8,mse,9,0.15,3.873592,27.213516
8,mae,10,0.05,5.412276,25.088978
8,mae,10,0.075,5.943784,24.857662
8,mae,10,0.1,6.44173,24.075123
8,mae,10,0.15,7.242134,22.712721
8,mse,10,0.05,3.050335,35.912361
8,mse,10,0.075,3.273298,35.192741
8,mse,10,0.1,3.678147,32.966255
8,mse,10,0.15,4.071567,29.092346
8,mae,11,0.05,5.680852,25.386913
8,mae,11,0.075,6.321177,24.764496
8,mae,11,0.1,6.296786,23.923641
8,mae,11,0.15,7.538651,22.495548
8,mse,11,0.05,2.98971,36.549355
8,mse,11,0.075,3.61159,35.189682
8,mse,11,0.1,3.637747,33.155369
8,mse,11,0.15,4.489937,29.017956
8,mae,12,0.05,5.458324,25.619093
8,mae,12,0.075,5.864646,24.183128
8,mae,12,0.1,6.381811,23.649391
8,mae,12,0.15,7.388617,22.707237
8,mse,12,0.05,2.832101,37.174004
8,mse,12,0.075,3.267807,33.583908
8,mse,12,0.1,3.725755,32.423275
8,mse,12,0.15,4.466231,29.83292
8,mae,13,0.05,5.649179,25.57543
8,mae,13,0.075,5.926942,24.382233
8,mae,13,0.1,6.044087,23.738117
8,mae,13,0.15,7.523348,22.215879
8,mse,13,0.05,2.904557,36.912117
8,mse,13,0.075,3.2258,33.945465
8,mse,13,0.1,3.351942,32.407204
8,mse,13,0.15,5.041031,29.014492
8,mae,14,0.05,5.431869,25.476116
8,mae,14,0.075,5.55157,24.243107
8,mae,14,0.1,5.775017,23.774452
8,mae,14,0.15,7.014488,21.90262
8,mse,14,0.05,2.809053,36.568611
8,mse,14,0.075,2.96656,33.261837
8,mse,14,0.1,3.200104,32.357643
8,mse,14,0.15,4.351781,28.04764
8,mae,15,0.05,5.221217,25.497765
8,mae,15,0.075,5.635859,23.750368
8,mae,15,0.1,5.780688,23.25469
8,mae,15,0.15,7.186412,21.854439
8,mse,15,0.05,2.570303,36.480766
8,mse,15,0.075,2.94968,32.266655
8,mse,15,0.1,3.169717,31.082464
8,mse,15,0.15,4.423759,28.089397
8,mae,16,0.05,4.803721,25.227947
8,mae,16,0.075,5.254239,24.150776
8,mae,16,0.1,5.528185,23.311523
8,mae,16,0.15,6.49758,21.726212
8,mse,16,0.05,1.941561,35.958015
8,mse,16,0.075,2.14248,33.069847
8,mse,16,0.1,2.348063,30.862843
8,mse,16,0.15,3.117157,27.329967
8,mae,17,0.05,5.144893,24.249985
8,mae,17,0.075,5.970039,23.58007
8,mae,17,0.1,5.924944,22.863701
8,mae,17,0.15,7.059538,21.164324
8,mse,17,0.05,2.419922,33.465069
8,mse,17,0.075,2.916036,31.521992
8,mse,17,0.1,2.999265,29.810577
8,mse,17,0.15,4.059711,26.159075
8,mae,18,0.05,5.601514,24.52739
8,mae,18,0.075,6.052186,23.687513
8,mae,18,0.1,6.174767,23.12151
8,mae,18,0.15,7.141366,21.494213
8,mse,18,0.05,2.837761,34.440002
8,mse,18,0.075,3.061553,32.141579
8,mse,18,0.1,3.180733,30.743483
8,mse,18,0.15,4.054014,27.056496
8,mae,19,0.05,5.266686,24.575771
8,mae,19,0.075,5.737776,23.786945
8,mae,19,0.1,5.763652,23.420849
8,mae,19,0.15,6.627993,21.623068
8,mse,19,0.05,2.592409,34.06213
8,mse,19,0.075,2.727452,32.297398
8,mse,19,0.1,2.785005,31.204151
8,mse,19,0.15,3.622845,27.108404
8,mae,20,0.05,5.506945,24.513672
8,mae,20,0.075,6.396749,23.443363
8,mae,20,0.1,6.633809,23.090191
8,mae,20,0.15,7.264489,21.835718
8,mse,20,0.05,2.83922,34.243465
8,mse,20,0.075,3.580446,31.281502
8,mse,20,0.1,3.728545,30.180187
8,mse,20,0.15,4.172075,27.732929
8,mae,21,0.05,5.228196,24.790445
8,mae,21,0.075,6.081621,24.032658
8,mae,21,0.1,6.178092,22.914425
8,mae,21,0.15,7.072259,21.881531
8,mse,21,0.05,2.624826,34.99791
8,mse,21,0.075,3.123282,32.822388
8,mse,21,0.1,3.279367,29.724016
8,mse,21,0.15,4.059302,27.097818
8,mae,22,0.05,5.198207,25.299704
8,mae,22,0.075,5.76979,24.108528
8,mae,22,0.1,6.307562,23.371887
8,mae,22,0.15,7.582948,21.319109
8,mse,22,0.05,2.81057,36.349144
8,mse,22,0.075,3.099034,32.471199
8,mse,22,0.1,3.288891,30.430958
8,mse,22,0.15,4.150844,25.642801
8,mae,23,0.05,5.510805,25.16396
8,mae,23,0.075,6.075746,24.49947
8,mae,23,0.1,6.583276,23.778112
8,mae,23,0.15,7.280612,22.111122
8,mse,23,0.05,2.96273,35.674717
8,mse,23,0.075,3.176141,33.638645
8,mse,23,0.1,3.545549,31.690279
8,mse,23,0.15,3.967709,27.346947
9,mae,0,0.05,6.023382,26.881031
9,mae,0,0.075,6.509068,26.297352
9,mae,0,0.1,7.052271,25.701963
9,mae,0,0.15,8.121707,24.498371
9,mse,0,0.05,3.488701,40.652672
9,mse,0,0.075,3.896401,39.376564
9,mse,0,0.1,4.323831,37.831577
9,mse,0,0.15,5.25488,35.028282
9,mae,1,0.05,6.2308,27.064411
9,mae,1,0.075,6.849865,26.647106
9,mae,1,0.1,7.042292,26.255526
9,mae,1,0.15,8.117457,24.451519
9,mse,1,0.05,3.838511,41.390034
9,mse,1,0.075,4.128307,40.482338
9,mse,1,0.1,4.172608,39.71479
9,mse,1,0.15,5.256199,34.979095
9,mae,2,0.05,7.139984,26.350479
9,mae,2,0.075,7.988661,25.462177
9,mae,2,0.1,8.313549,25.056534
9,mae,2,0.15,9.035313,23.799191
9,mse,2,0.05,4.471807,39.12114
9,mse,2,0.075,5.374052,36.759796
9,mse,2,0.1,5.76281,35.923977
9,mse,2,0.15,6.592405,32.407921
9,mae,3,0.05,6.987808,26.943682
9,mae,3,0.075,7.55739,25.752571
9,mae,3,0.1,7.978565,24.975235
9,mae,3,0.15,8.593832,23.43726
9,mse,3,0.05,4.492948,40.697231
9,mse,3,0.075,4.943116,37.579544
9,mse,3,0.1,5.411895,35.406765
9,mse,3,0.15,5.968249,31.890137
9,mae,4,0.05,6.060582,26.124079
9,mae,4,0.075,7.692306,25.252403
9,mae,4,0.1,8.028048,24.908009
9,mae,4,0.15,8.389679,23.728468
9,mse,4,0.05,3.346152,38.736832
9,mse,4,0.075,5.069534,36.324173
9,mse,4,0.1,5.393859,35.272518
9,mse,4,0.15,5.565816,32.218136
9,mae,5,0.05,5.67,26.466351
9,mae,5,0.075,6.363876,25.227743
9,mae,5,0.1,7.316379,24.743618
9,mae,5,0.15,8.746321,22.954773
9,mse,5,0.05,2.959028,39.681297
9,mse,5,0.075,3.447466,36.135216
9,mse,5,0.1,4.6687,34.924858
9,mse,5,0.15,5.723056,30.276367
9,mae,6,0.05,5.93468,26.521889
9,mae,6,0.075,6.57757,25.541021
9,mae,6,0.1,7.013499,24.6684
9,mae,6,0.15,8.214571,22.704956
9,mse,6,0.05,3.959194,39.027264
9,mse,6,0.075,4.181814,36.607296
9,mse,6,0.1,4.457642,33.932838
9,mse,6,0.15,5.662559,28.719891
9,mae,7,0.05,5.923502,27.120136
9,mae,7,0.075,6.911164,26.074345
9,mae,7,0.1,7.32185,25.2943
9,mae,7,0.15,8.885759,23.188665
9,mse,7,0.05,3.508464,40.974907
9,mse,7,0.075,4.234868,37.752663
9,mse,7,0.1,4.654766,35.414124
9,mse,7,0.15,6.067408,29.628063
9,mae,8,0.05,5.902714,27.01523
9,mae,8,0.075,7.383435,25.927135
9,mae,8,0.1,8.044896,25.116838
9,mae,8,0.15,9.472944,23.539371
9,mse,8,0.05,3.563943,40.629105
9,mse,8,0.075,4.807385,37.364296
9,mse,8,0.1,5.325977,34.886677
9,mse,8,0.15,6.704317,30.723682
9,mae,9,0.05,6.520513,26.719507
9,mae,9,0.075,7.376553,25.975004
9,mae,9,0.1,7.915918,25.154438
9,mae,9,0.15,9.258899,23.666836
9,mse,9,0.05,3.952029,39.612244
9,mse,9,0.075,4.514718,37.13829
9,mse,9,0.1,5.049078,34.857285
9,mse,9,0.15,6.329055,30.699343
9,mae,10,0.05,6.079429,27.20454
9,mae,10,0.075,6.661077,26.008713
9,mae,10,0.1,7.505684,25.051977
9,mae,10,0.15,8.673095,23.340641
9,mse,10,0.05,3.804607,41.078281
9,mse,10,0.075,4.060235,37.463146
9,mse,10,0.1,4.613788,34.60923
9,mse,10,0.15,5.786319,29.82719
9,mae,11,0.05,6.04845,27.152903
9,mae,11,0.075,6.666039,25.771526
9,mae,11,0.1,7.847675,24.920542
9,mae,11,0.15,8.637688,23.27977
9,mse,11,0.05,3.929827,41.187294
9,mse,11,0.075,4.02777,36.613541
9,mse,11,0.1,4.894852,34.403069
9,mse,11,0.15,5.544664,30.2183
9,mae,12,0.05,6.015371,27.118494
9,mae,12,0.075,6.460216,25.750786
9,mae,12,0.1,7.066628,24.804493
9,mae,12,0.15,8.610495,23.148979
9,mse,12,0.05,3.672169,41.002666
9,mse,12,0.075,3.787402,36.811531
9,mse,12,0.1,4.23441,34.539879
9,mse,12,0.15,6.017443,29.531864
9,mae,13,0.05,6.587537,26.610811
9,mae,13,0.075,7.009341,25.619661
9,mae,13,0.1,7.821329,25.163025
9,mae,13,0.15,8.967452,23.433352
9,mse,13,0.05,4.062862,39.799568
9,mse,13,0.075,4.347719,36.769669
9,mse,13,0.1,4.900042,35.103676
9,mse,13,0.15,6.026384,30.784737
9,mae,14,0.05,6.648794,27.131905
9,mae,14,0.075,6.961782,25.784943
9,mae,14,0.1,7.552163,25.257114
9,mae,14,0.15,8.527214,23.2651
9,mse,14,0.05,3.967481,41.503761
9,mse,14,0.075,4.308737,37.454201
9,mse,14,0.1,4.783015,35.869949
9,mse,14,0.15,5.581054,30.647812
9,mae,15,0.05,6.044083,26.556095
9,mae,15,0.075,6.86908,25.588684
9,mae,15,0.1,7.405765,25.043755
9,mae,15,0.15,8.129478,23.189716
9,mse,15,0.05,3.418962,39.894958
9,mse,15,0.075,4.452456,36.914013
9,mse,15,0.1,4.759907,35.134987
9,mse,15,0.15,5.147526,30.272995
9,mae,16,0.05,6.490396,26.671154
9,mae,16,0.075,7.023465,25.240601
9,mae,16,0.1,7.621884,24.501907
9,mae,16,0.15,8.661216,23.354176
9,mse,16,0.05,3.732629,40.005272
9,mse,16,0.075,4.4811,35.767899
9,mse,16,0.1,5.031861,33.596222
9,mse,16,0.15,5.696238,31.104956
9,mae,17,0.05,6.582908,26.827394
9,mae,17,0.075,7.353816,25.277699
9,mae,17,0.1,7.789745,24.545528
9,mae,17,0.15,8.835972,22.87347
9,mse,17,0.05,3.998314,40.55022
9,mse,17,0.075,4.954652,36.279907
9,mse,17,0.1,5.074875,34.018547
9,mse,17,0.15,6.116749,29.84416
9,mae,18,0.05,6.411796,26.488012
9,mae,18,0.075,7.411069,25.447489
9,mae,18,0.1,7.700951,24.567513
9,mae,18,0.15,8.646885,22.901787
9,mse,18,0.05,4.219764,39.691906
9,mse,18,0.075,4.98624,36.831505
9,mse,18,0.1,5.310187,34.369804
9,mse,18,0.15,5.99858,29.668686
9,mae,19,0.05,6.217651,27.28632
9,mae,19,0.075,7.449776,25.847956
9,mae,19,0.1,8.113354,25.400278
9,mae,19,0.15,8.966031,23.987553
9,mse,19,0.05,3.922451,42.238152
9,mse,19,0.075,5.031353,37.870567
9,mse,19,0.1,5.624859,36.50061
9,mse,19,0.15,6.241386,32.822479
9,mae,20,0.05,6.760198,26.719221
9,mae,20,0.075,7.715877,25.412931
9,mae,20,0.1,8.287489,24.929197
9,mae,20,0.15,9.676167,23.138966
9,mse,20,0.05,4.170436,39.99062
9,mse,20,0.075,5.017615,36.559395
9,mse,20,0.1,5.213928,35.135643
9,mse,20,0.15,6.792566,30.513958
9,mae,21,0.05,5.47319,27.032024
9,mae,21,0.075,5.881238,25.779434
9,mae,21,0.1,6.948266,25.230827
9,mae,21,0.15,8.53112,23.928621
9,mse,21,0.05,2.744229,41.463951
9,mse,21,0.075,2.988593,37.404579
9,mse,21,0.1,3.631998,36.041737
9,mse,21,0.15,5.346339,33.077801
9,mae,22,0.05,6.676703,27.204947
9,mae,22,0.075,6.888265,25.61895
9,mae,22,0.1,7.46235,24.935421
9,mae,22,0.15,8.756165,23.490459
9,mse,22,0.05,3.998574,41.388748
9,mse,22,0.075,4.152356,36.635368
9,mse,22,0.1,4.673663,34.993538
9,mse,22,0.15,6.082882,31.737581
9,mae,23,0.05,6.586751,26.924358
9,mae,23,0.075,6.868375,25.776342
9,mae,23,0.1,7.309003,25.065603
9,mae,23,0.15,8.77013,23.700546
9,mse,23,0.05,4.175508,40.665024
9,mse,23,0.075,4.007452,37.08844
9,mse,23,0.1,4.598603,35.325897
9,mse,23,0.15,6.149763,32.290466
10,mae,0,0.05,4.089637,27.265102
10,mae,0,0.075,4.820051,26.540928
10,mae,0,0.1,5.646755,25.969345
10,mae,0,0.15,6.782682,24.677698
10,mse,0,0.05,1.726623,42.309731
10,mse,0,0.075,2.10552,39.837479
10,mse,0,0.1,2.780721,37.907997
10,mse,0,0.15,3.738974,34.289925
10,mae,1,0.05,4.232366,27.24387
10,mae,1,0.075,4.995853,26.61731
10,mae,1,0.1,5.947621,25.72089
10,mae,1,0.15,7.023289,24.344599
10,mse,1,0.05,1.772705,42.422417
10,mse,1,0.075,2.386099,40.139111
10,mse,1,0.1,2.962107,37.636864
10,mse,1,0.15,3.865738,33.939453
10,mae,2,0.05,4.770482,26.890287
10,mae,2,0.075,5.458794,26.102299
10,mae,2,0.1,5.922452,25.431944
10,mae,2,0.15,7.341406,23.937084
10,mse,2,0.05,2.02784,41.394447
10,mse,2,0.075,2.516933,39.048244
10,mse,2,0.1,2.869637,37.226532
10,mse,2,0.15,4.08595,33.559803
10,mae,3,0.05,4.316371,26.671358
10,mae,3,0.075,5.148463,26.08556
10,mae,3,0.1,5.972591,25.411594
10,mae,3,0.15,6.9385,24.114998
10,mse,3,0.05,1.646869,40.718502
10,mse,3,0.075,2.219215,39.265648
10,mse,3,0.1,2.846385,37.981266
10,mse,3,0.15,3.711945,34.051788
10,mae,4,0.05,4.31918,26.483038
10,mae,4,0.075,5.037698,25.561459
10,mae,4,0.1,5.71874,25.22086
10,mae,4,0.15,6.940943,23.578674
10,mse,4,0.05,1.639065,40.23922
10,mse,4,0.075,1.996428,38.325813
10,mse,4,0.1,2.517297,37.687157
10,mse,4,0.15,3.615912,33.443218
10,mae,5,0.05,4.465657,27.447466
10,mae,5,0.075,5.163692,25.920824
10,mae,5,0.1,5.758167,25.051003
10,mae,5,0.15,7.244568,24.10161
10,mse,5,0.05,1.749056,42.931026
10,mse,5,0.075,2.204209,38.828056
10,mse,5,0.1,2.584916,36.825005
10,mse,5,0.15,4.026566,34.101715
10,mae,6,0.05,4.389172,27.197067
10,mae,6,0.075,5.308757,26.075686
10,mae,6,0.1,5.409104,25.202211
10,mae,6,0.15,7.329325,23.859421
10,mse,6,0.05,1.799978,41.934952
10,mse,6,0.075,2.465613,38.656288
10,mse,6,0.1,2.498473,36.424801
10,mse,6,0.15,4.269321,32.909908
10,mae,7,0.05,4.195602,27.248985
10,mae,7,0.075,4.778871,26.180387
10,mae,7,0.1,5.193391,25.691162
10,mae,7,0.15,6.229838,24.403206
10,mse,7,0.05,1.758672,42.192768
10,mse,7,0.075,2.049332,38.831486
10,mse,7,0.1,2.34162,37.416054
10,mse,7,0.15,3.230478,34.204277
10,mae,8,0.05,4.279758,27.335606
10,mae,8,0.075,4.785226,26.625767
10,mae,8,0.1,5.194427,26.303127
10,mae,8,0.15,6.790949,24.606663
10,mse,8,0.05,1.912294,42.567024
10,mse,8,0.075,2.167921,39.924141
10,mse,8,0.1,2.509225,39.056278
10,mse,8,0.15,3.951208,34.924652
10,mae,9,0.05,4.35181,27.569796
10,mae,9,0.075,4.879371,26.764645
10,mae,9,0.1,5.31952,26.1791
10,mae,9,0.15,7.351676,24.592865
10,mse,9,0.05,2.005869,43.505188
10,mse,9,0.075,2.445489,40.808998
10,mse,9,0.1,2.880976,38.823097
10,mse,9,0.15,5.008778,35.028053
10,mae,10,0.05,4.52361,27.503353
10,mae,10,0.075,5.10884,26.663887
10,mae,10,0.1,6.005295,26.341833
10,mae,10,0.15,7.558171,24.97517
10,mse,10,0.05,1.952115,42.927605
10,mse,10,0.075,2.487767,40.244946
10,mse,10,0.1,3.584264,39.401222
10,mse,10,0.15,5.285038,35.264297
10,mae,11,0.05,4.127402,27.572525
10,mae,11,0.075,4.832991,26.559605
10,mae,11,0.1,5.519853,25.946064
10,mae,11,0.15,7.153329,25.172546
10,mse,11,0.05,1.819287,43.184811
10,mse,11,0.075,2.605859,39.95507
10,mse,11,0.1,3.213733,38.061531
10,mse,11,0.15,4.7868,36.211555
10,mae,12,0.05,4.186401,27.463694
10,mae,12,0.075,5.505894,26.589043
10,mae,12,0.1,5.874897,25.99865
10,mae,12,0.15,7.388855,24.414427
10,mse,12,0.05,1.718697,42.484425
10,mse,12,0.075,2.856673,40.018829
10,mse,12,0.1,3.117799,38.739143
10,mse,12,0.15,4.790272,34.044285
10,mae,13,0.05,4.119857,27.277622
10,mae,13,0.075,5.094721,26.408493
10,mae,13,0.1,5.640756,25.899168
10,mae,13,0.15,6.914315,24.440117
10,mse,13,0.05,1.677153,42.274963
10,mse,13,0.075,2.438041,39.392567
10,mse,13,0.1,2.999131,37.720192
10,mse,13,0.15,4.095757,34.12542
10,mae,14,0.05,4.819558,27.048765
10,mae,14,0.075,5.804937,26.387951
10,mae,14,0.1,5.984482,26.107141
10,mae,14,0.15,7.227457,24.268074
10,mse,14,0.05,2.076244,42.099339
10,mse,14,0.075,3.050386,39.900532
10,mse,14,0.1,3.254289,39.293446
10,mse,14,0.15,4.40552,33.932484
10,mae,15,0.05,4.690026,27.211376
10,mae,15,0.075,5.455409,26.364265
10,mae,15,0.1,6.161601,25.671257
10,mae,15,0.15,8.086959,24.371181
10,mse,15,0.05,2.015889,42.526505
10,mse,15,0.075,2.671545,40.328236
10,mse,15,0.1,3.224111,37.895374
10,mse,15,0.15,5.333644,34.740063
10,mae,16,0.05,4.510024,27.284523
10,mae,16,0.075,5.226984,26.693623
10,mae,16,0.1,5.747808,25.876608
10,mae,16,0.15,7.397154,24.505737
10,mse,16,0.05,1.918042,42.605404
10,mse,16,0.075,2.294102,40.933975
10,mse,16,0.1,2.646881,38.741051
10,mse,16,0.15,4.700727,35.539536
10,mae,17,0.05,4.564362,27.588173
10,mae,17,0.075,4.945465,27.167969
10,mae,17,0.1,5.350768,26.482872
10,mae,17,0.15,6.816193,24.866364
10,mse,17,0.05,1.957423,43.534714
10,mse,17,0.075,2.152089,42.534737
10,mse,17,0.1,2.421675,40.926247
10,mse,17,0.15,3.899764,36.273933
10,mae,18,0.05,4.691209,27.115494
10,mae,18,0.075,5.53433,26.617773
10,mae,18,0.1,5.749478,26.123718
10,mae,18,0.15,7.034787,24.976807
10,mse,18,0.05,2.144706,42.344173
10,mse,18,0.075,2.693945,41.044983
10,mse,18,0.1,2.785677,39.81517
10,mse,18,0.15,4.161123,36.904018
10,mae,19,0.05,4.237804,27.944149
10,mae,19,0.075,5.139301,27.022354
10,mae,19,0.1,5.663692,26.528267
10,mae,19,0.15,6.652761,25.201256
10,mse,19,0.05,1.847475,44.618107
10,mse,19,0.075,2.341848,42.197021
10,mse,19,0.1,2.778165,40.627113
10,mse,19,0.15,3.778658,36.949203
10,mae,20,0.05,4.37717,27.955288
10,mae,20,0.075,4.938675,27.140343
10,mae,20,0.1,5.452331,26.120144
10,mae,20,0.15,6.62611,24.488411
10,mse,20,0.05,1.92349,44.335201
10,mse,20,0.075,2.167066,42.099594
10,mse,20,0.1,2.555833,39.414959
10,mse,20,0.15,3.779023,34.658997
10,mae,21,0.05,4.614056,27.69462
10,mae,21,0.075,5.4078,26.842115
10,mae,21,0.1,5.885383,25.907486
10,mae,21,0.15,6.999555,24.767746
10,mse,21,0.05,2.140506,43.176464
10,mse,21,0.075,2.812054,40.307922
10,mse,21,0.1,3.227696,38.402901
10,mse,21,0.15,4.039478,35.066917
10,mae,22,0.05,4.333307,27.291168
10,mae,22,0.075,5.210672,26.615658
10,mae,22,0.1,5.948583,25.950743
10,mae,22,0.15,6.704375,24.365932
10,mse,22,0.05,1.872465,42.390594
10,mse,22,0.075,2.793101,40.702526
10,mse,22,0.1,3.418889,38.588234
10,mse,22,0.15,3.883136,34.027557
10,mae,23,0.05,4.449535,27.07457
10,mae,23,0.075,5.044071,26.263042
10,mae,23,0.1,5.288168,25.647661
10,mae,23,0.15,7.411261,24.10162
10,mse,23,0.05,1.977591,41.580826
10,mse,23,0.075,2.407284,39.124401
10,mse,23,0.1,2.593249,37.100021
10,mse,23,0.15,4.762686,32.890903
11,mae,0,0.05,7.592216,30.137676
11,mae,0,0.075,8.175791,28.556328
11,mae,0,0.1,8.736378,27.183144
11,mae,0,0.15,9.231073,25.275639
11,mse,0,0.05,5.175519,49.886665
11,mse,0,0.075,5.78553,44.930496
11,mse,0,0.1,6.301851,41.120975
11,mse,0,0.15,7.02433,36.130119
11,mae,1,0.05,7.418183,30.392391
11,mae,1,0.075,8.088255,28.599384
11,mae,1,0.1,8.51495,28.216236
11,mae,1,0.15,8.965076,25.611145
11,mse,1,0.05,5.141687,50.64727
11,mse,1,0.075,5.67688,45.581524
11,mse,1,0.1,6.464568,44.729012
11,mse,1,0.15,6.775904,37.228756
11,mae,2,0.05,7.817127,29.706444
11,mae,2,0.075,8.698372,28.272154
11,mae,2,0.1,8.911727,27.109005
11,mae,2,0.15,10.375672,24.823593
11,mse,2,0.05,5.575207,48.971874
11,mse,2,0.075,6.478141,45.351494
11,mse,2,0.1,6.825979,41.802593
11,mse,2,0.15,8.199075,36.057461
11,mae,3,0.05,8.168312,29.675842
11,mae,3,0.075,8.653685,27.835995
11,mae,3,0.1,9.62611,26.881046
11,mae,3,0.15,10.785931,24.216415
11,mse,3,0.05,5.950059,48.92337
11,mse,3,0.075,6.507598,43.635246
11,mse,3,0.1,7.895491,41.384869
11,mse,3,0.15,9.2712,34.118767
11,mae,4,0.05,8.593365,29.257687
11,mae,4,0.075,9.792814,27.971926
11,mae,4,0.1,10.148727,27.122852
11,mae,4,0.15,10.60074,24.8452
11,mse,4,0.05,6.195395,47.495445
11,mse,4,0.075,7.514953,43.722076
11,mse,4,0.1,8.03887,41.595287
11,mse,4,0.15,9.077412,35.387978
11,mae,5,0.05,7.726259,28.989597
11,mae,5,0.075,9.16464,28.111345
11,mae,5,0.1,9.991566,27.358646
11,mae,5,0.15,10.932216,25.301832
11,mse,5,0.05,5.870639,46.409927
11,mse,5,0.075,7.463795,44.040554
11,mse,5,0.1,8.424799,42.001282
11,mse,5,0.15,10.022844,36.805851
11,mae,6,0.05,8.010262,29.772247
11,mae,6,0.075,8.748442,28.929241
11,mae,6,0.1,8.975136,28.208408
11,mae,6,0.15,10.054754,25.434582
11,mse,6,0.05,6.24347,48.389488
11,mse,6,0.075,6.686491,45.944996
11,mse,6,0.1,7.101964,43.804268
11,mse,6,0.15,8.651389,36.728828
11,mae,7,0.05,8.120809,29.951815
11,mae,7,0.075,8.344917,28.651539
11,mae,7,0.1,8.895226,27.859921
11,mae,7,0.15,9.880571,26.096321
11,mse,7,0.05,5.972818,49.125263
11,mse,7,0.075,6.048533,44.981857
11,mse,7,0.1,6.846932,43.09745
11,mse,7,0.15,8.429656,38.131638
11,mae,8,0.05,7.997189,30.277725
11,mae,8,0.075,8.277374,29.650862
11,mae,8,0.1,8.460304,28.746475
11,mae,8,0.15,9.706148,27.090775
11,mse,8,0.05,5.89708,50.103798
11,mse,8,0.075,6.359371,48.137375
11,mse,8,0.1,6.475999,45.374794
11,mse,8,0.15,8.206247,40.599049
11,mae,9,0.05,8.269741,30.22348
11,mae,9,0.075,8.570312,29.169184
11,mae,9,0.1,8.936209,28.332096
11,mae,9,0.15,9.221249,26.190918
11,mse,9,0.05,6.218553,50.071732
11,mse,9,0.075,6.579924,46.77478
11,mse,9,0.1,7.331266,44.194939
11,mse,9,0.15,7.493675,38.032768
11,mae,10,0.05,8.280696,29.595997
11,mae,10,0.075,9.164752,29.086643
11,mae,10,0.1,9.646716,28.077347
11,mae,10,0.15,10.662107,25.898563
11,mse,10,0.05,6.143834,48.304321
11,mse,10,0.075,7.058556,46.361366
11,mse,10,0.1,7.677322,43.432346
11,mse,10,0.15,8.950723,37.669537
11,mae,11,0.05,8.584891,30.04882
11,mae,11,0.075,9.427082,28.682182
11,mae,11,0.1,9.721975,27.763859
11,mae,11,0.15,10.074125,25.618896
11,mse,11,0.05,6.55141,49.892899
11,mse,11,0.075,7.746553,45.414246
11,mse,11,0.1,8.07268,42.719597
11,mse,11,0.15,8.390921,36.967918
11,mae,12,0.05,7.518807,29.724039
11,mae,12,0.075,8.726381,28.662956
11,mae,12,0.1,9.160786,28.098833
11,mae,12,0.15,9.572639,25.995138
11,mse,12,0.05,5.722726,49.008743
11,mse,12,0.075,6.916287,45.533459
11,mse,12,0.1,7.385374,43.829102
11,mse,12,0.15,7.852761,37.992844
11,mae,13,0.05,7.845424,30.415657
11,mae,13,0.075,9.339876,28.322317
11,mae,13,0.1,9.131443,27.566128
11,mae,13,0.15,9.628624,25.615334
11,mse,13,0.05,5.975282,51.364456
11,mse,13,0.075,7.408949,44.710106
11,mse,13,0.1,7.156656,42.315857
11,mse,13,0.15,7.879444,37.077293
11,mae,14,0.05,7.591337,30.333424
11,mae,14,0.075,8.111483,29.246346
11,mae,14,0.1,7.996752,28.206383
11,mae,14,0.15,9.965622,25.59956
11,mse,14,0.05,5.508785,51.180199
11,mse,14,0.075,5.84986,47.889351
11,mse,14,0.1,5.682736,44.354084
11,mse,14,0.15,8.163622,37.131805
11,mae,15,0.05,7.823922,30.076565
11,mae,15,0.075,8.218781,28.961802
11,mae,15,0.1,8.833055,28.165071
11,mae,15,0.15,9.528397,25.751991
11,mse,15,0.05,5.999972,50.05127
11,mse,15,0.075,6.267074,47.006516
11,mse,15,0.1,6.810972,44.538769
11,mse,15,0.15,7.545862,38.040985
11,mae,16,0.05,7.768279,30.386034
11,mae,16,0.075,7.973251,29.172169
11,mae,16,0.1,8.685127,28.93264
11,mae,16,0.15,9.264168,27.378506
11,mse,16,0.05,5.447105,50.529751
11,mse,16,0.075,5.549519,47.453598
11,mse,16,0.1,6.362372,46.867989
11,mse,16,0.15,6.968046,42.750542
11,mae,17,0.05,7.857635,29.994022
11,mae,17,0.075,8.512077,28.893642
11,mae,17,0.1,8.405725,28.504885
11,mae,17,0.15,10.201579,26.520449
11,mse,17,0.05,5.183877,50.719669
11,mse,17,0.075,5.995901,47.477184
11,mse,17,0.1,5.942233,45.808716
11,mse,17,0.15,8.556492,40.35128
11,mae,18,0.05,8.127075,30.048233
11,mae,18,0.075,8.789397,29.234283
11,mae,18,0.1,9.707184,28.238392
11,mae,18,0.15,10.817476,25.882269
11,mse,18,0.05,5.914682,49.799072
11,mse,18,0.075,6.632722,47.393402
11,mse,18,0.1,7.850012,44.386185
11,mse,18,0.15,9.584367,37.745174
11,mae,19,0.05,7.897661,30.138407
11,mae,19,0.075,8.609344,28.868893
11,mae,19,0.1,9.216997,27.907339
11,mae,19,0.15,10.517728,26.236835
11,mse,19,0.05,5.881423,50.184959
11,mse,19,0.075,6.61383,46.441525
11,mse,19,0.1,7.331792,43.444992
11,mse,19,0.15,9.346227,38.727531
11,mae,20,0.05,7.991918,29.943928
11,mae,20,0.075,8.420509,28.857079
11,mae,20,0.1,8.763372,27.839428
11,mae,20,0.15,10.461581,26.199308
11,mse,20,0.05,5.761968,49.532051
11,mse,20,0.075,6.351047,46.284782
11,mse,20,0.1,6.739851,43.557964
11,mse,20,0.15,9.149115,39.126247
11,mae,21,0.05,8.132705,30.024548
11,mae,21,0.075,8.612343,28.578051
11,mae,21,0.1,9.296107,27.951221
11,mae,21,0.15,10.82214,26.329693
11,mse,21,0.05,5.945732,50.043602
11,mse,21,0.075,6.409118,45.363697
11,mse,21,0.1,7.336829,43.761833
11,mse,21,0.15,9.088512,39.728706
11,mae,22,0.05,7.382112,30.313671
11,mae,22,0.075,8.121213,28.976618
11,mae,22,0.1,8.944036,28.242481
11,mae,22,0.15,10.723093,26.196438
11,mse,22,0.05,5.132742,50.697311
11,mse,22,0.075,5.954632,46.232788
11,mse,22,0.1,6.768796,44.270439
11,mse,22,0.15,8.84614,38.964981
11,mae,23,0.05,7.626592,29.910973
11,mae,23,0.075,8.317148,28.877281
11,mae,23,0.1,8.856092,28.393787
11,mae,23,0.15,9.876308,26.387314
11,mse,23,0.05,5.343179,49.259884
11,mse,23,0.075,5.868109,46.100273
11,mse,23,0.1,6.523987,44.6632
11,mse,23,0.15,7.771837,39.131527
12,mae,0,0.05,5.250457,23.888012
12,mae,0,0.075,5.981497,23.112993
12,mae,0,0.1,6.110292,22.521877
12,mae,0,0.15,7.113649,20.730522
12,mse,0,0.05,3.404687,33.387993
12,mse,0,0.075,3.809408,31.630047
12,mse,0,0.1,3.940786,30.197144
12,mse,0,0.15,4.523509,25.759653
12,mae,1,0.05,5.642908,23.918823
12,mae,1,0.075,6.111912,23.675949
12,mae,1,0.1,6.695441,22.93294
12,mae,1,0.15,7.651457,20.863468
12,mse,1,0.05,3.649869,33.389648
12,mse,1,0.075,3.752548,32.65694
12,mse,1,0.1,4.244979,31.131084
12,mse,1,0.15,4.804313,26.180532
12,mae,2,0.05,5.875921,23.950474
12,mae,2,0.075,6.584804,22.379835
12,mae,2,0.1,6.555941,22.255985
12,mae,2,0.15,7.454208,20.682621
12,mse,2,0.05,3.634778,33.527061
12,mse,2,0.075,4.110648,29.65037
12,mse,2,0.1,3.943345,29.209625
12,mse,2,0.15,4.588451,25.774239
12,mae,3,0.05,4.631153,24.490801
12,mae,3,0.075,5.576715,22.64143
12,mae,3,0.1,6.578658,21.97414
12,mae,3,0.15,7.600686,20.224346
12,mse,3,0.05,2.290625,35.020313
12,mse,3,0.075,2.798353,30.378965
12,mse,3,0.1,4.108365,28.633913
12,mse,3,0.15,4.629603,24.421986
12,mae,4,0.05,4.706397,24.294182
12,mae,4,0.075,5.680688,23.41744
12,mae,4,0.1,6.329125,22.647383
12,mae,4,0.15,7.596529,20.473534
12,mse,4,0.05,2.199603,34.522736
12,mse,4,0.075,2.708456,32.368248
12,mse,4,0.1,3.2398,30.356041
12,mse,4,0.15,4.732302,25.353086
12,mae,5,0.05,5.473476,23.365705
12,mae,5,0.075,7.050575,22.145971
12,mae,5,0.1,7.430133,21.75016
12,mae,5,0.15,8.004173,20.065538
12,mse,5,0.05,3.507196,32.196777
12,mse,5,0.075,4.550164,29.113821
12,mse,5,0.1,4.794991,28.040468
12,mse,5,0.15,5.125151,24.123569
12,mae,6,0.05,5.721316,23.211563
12,mae,6,0.075,6.452194,21.861521
12,mae,6,0.1,6.755722,21.416485
12,mae,6,0.15,8.11379,19.710087
12,mse,6,0.05,3.454741,31.529207
12,mse,6,0.075,3.875594,28.04377
12,mse,6,0.1,4.238773,26.932194
12,mse,6,0.15,5.543669,23.774717
12,mae,7,0.05,5.015676,23.651823
12,mae,7,0.075,5.758248,22.340542
12,mae,7,0.1,6.510593,21.552431
12,mae,7,0.15,7.753416,19.525408
12,mse,7,0.05,2.851377,32.229733
12,mse,7,0.075,3.387083,28.708704
12,mse,7,0.1,3.89639,27.20804
12,mse,7,0.15,5.275067,23.34519
12,mae,8,0.05,5.785315,23.746607
12,mae,8,0.075,6.269144,23.257965
12,mae,8,0.1,6.879128,22.156124
12,mae,8,0.15,8.039288,20.256363
12,mse,8,0.05,3.681789,32.238289
12,mse,8,0.075,4.108748,30.797636
12,mse,8,0.1,4.5027,28.059605
12,mse,8,0.15,5.345063,24.495987
12,mae,9,0.05,6.00087,23.886044
12,mae,9,0.075,6.137955,22.305117
12,mae,9,0.1,6.473409,21.271688
12,mae,9,0.15,7.433783,19.546219
12,mse,9,0.05,4.032395,32.472847
12,mse,9,0.075,3.934309,28.547131
12,mse,9,0.1,4.151906,26.399797
12,mse,9,0.15,4.848612,22.922447
12,mae,10,0.05,6.153389,23.797459
12,mae,10,0.075,6.296466,22.314743
12,mae,10,0.1,6.53747,21.898697
12,mae,10,0.15,7.300626,19.642639
12,mse,10,0.05,3.976376,32.605244
12,mse,10,0.075,3.938162,28.768679
12,mse,10,0.1,4.127674,27.446314
12,mse,10,0.15,4.845474,22.89846
12,mae,11,0.05,5.832461,23.372656
12,mae,11,0.075,6.172294,22.406343
12,mae,11,0.1,6.711183,21.585867
12,mae,11,0.15,7.556077,20.048611
12,mse,11,0.05,3.857095,31.489258
12,mse,11,0.075,3.941352,29.152582
12,mse,11,0.1,4.35382,27.312714
12,mse,11,0.15,4.869677,24.191425
12,mae,12,0.05,5.331317,23.153261
12,mae,12,0.075,6.159489,22.065262
12,mae,12,0.1,6.248109,21.774509
12,mae,12,0.15,7.691319,20.101498
12,mse,12,0.05,3.427495,31.033092
12,mse,12,0.075,3.870429,28.473045
12,mse,12,0.1,3.898409,27.828218
12,mse,12,0.15,5.01679,24.271378
12,mae,13,0.05,5.09355,23.403938
12,mae,13,0.075,6.277658,22.239998
12,mae,13,0.1,6.443489,21.969973
12,mae,13,0.15,7.129756,20.262363
12,mse,13,0.05,2.542354,32.119034
12,mse,13,0.075,3.940502,29.050117
12,mse,13,0.1,4.091746,28.295391
12,mse,13,0.15,4.678963,24.588402
12,mae,14,0.05,5.036491,23.786446
12,mae,14,0.075,5.560394,22.882641
12,mae,14,0.1,5.705792,22.402578
12,mae,14,0.15,6.077875,20.338133
12,mse,14,0.05,2.636761,33.074665
12,mse,14,0.075,2.949608,30.770269
12,mse,14,0.1,2.911088,29.657375
12,mse,14,0.15,3.156989,24.760611
12,mae,15,0.05,4.983561,23.488081
12,mae,15,0.075,6.174037,22.368382
12,mae,15,0.1,6.305642,22.150751
12,mae,15,0.15,6.345265,20.783661
12,mse,15,0.05,3.150072,32.273083
12,mse,15,0.075,3.967843,29.598934
12,mse,15,0.1,4.082362,29.16452
12,mse,15,0.15,3.897374,25.926537
12,mae,16,0.05,5.949481,23.429056
12,mae,16,0.075,6.118788,22.847145
12,mae,16,0.1,6.330225,22.165607
12,mae,16,0.15,7.225213,21.067633
12,mse,16,0.05,3.977101,32.137383
12,mse,16,0.075,3.84338,30.829332
12,mse,16,0.1,3.921835,28.994343
12,mse,16,0.15,4.707976,26.739399
12,mae,17,0.05,6.04325,23.427372
12,mae,17,0.075,6.525471,22.683891
12,mae,17,0.1,7.001304,22.453892
12,mae,17,0.15,7.907885,21.035919
12,mse,17,0.05,3.934991,32.261997
12,mse,17,0.075,4.232393,30.466772
12,mse,17,0.1,4.709971,30.044973
12,mse,17,0.15,5.719567,26.556782
12,mae,18,0.05,5.790323,23.983463
12,mae,18,0.075,6.110231,22.964714
12,mae,18,0.1,6.804213,22.549816
12,mae,18,0.15,7.762919,21.438248
12,mse,18,0.05,3.714318,33.788448
12,mse,18,0.075,3.984289,31.145248
12,mse,18,0.1,4.482727,30.279869
12,mse,18,0.15,5.165172,28.093777
12,mae,19,0.05,6.052961,23.79261
12,mae,19,0.075,6.343128,23.07922
12,mae,19,0.1,7.199948,22.195084
12,mae,19,0.15,7.995839,20.493149
12,mse,19,0.05,3.892573,32.8274
12,mse,19,0.075,4.080647,31.322197
12,mse,19,0.1,4.732715,29.276817
12,mse,19,0.15,5.468964,25.10412
12,mae,20,0.05,6.66517,23.359974
12,mae,20,0.075,7.175187,22.090376
12,mae,20,0.1,7.548698,21.667973
12,mae,20,0.15,8.350258,20.016245
12,mse,20,0.05,4.373013,31.542421
12,mse,20,0.075,4.755879,28.499336
12,mse,20,0.1,4.995496,27.637299
12,mse,20,0.15,5.72227,24.569431
12,mae,21,0.05,6.215986,23.804676
12,mae,21,0.075,7.050385,22.766056
12,mae,21,0.1,7.161809,22.189621
12,mae,21,0.15,8.060654,20.306713
12,mse,21,0.05,4.021431,33.054802
12,mse,21,0.075,4.63776,30.769136
12,mse,21,0.1,4.719633,29.675005
12,mse,21,0.15,5.350452,25.894375
12,mae,22,0.05,6.480321,23.564489
12,mae,22,0.075,6.879484,22.965008
12,mae,22,0.1,6.98638,22.316175
12,mae,22,0.15,7.932358,20.690166
12,mse,22,0.05,4.231919,32.708042
12,mse,22,0.075,4.360552,31.552784
12,mse,22,0.1,4.55344,29.930241
12,mse,22,0.15,5.332294,26.798031
12,mae,23,0.05,6.095727,23.981617
12,mae,23,0.075,6.656737,23.151325
12,mae,23,0.1,7.037158,22.38262
12,mae,23,0.15,7.761454,20.685442
12,mse,23,0.05,3.825164,33.666245
12,mse,23,0.075,4.392741,31.799999
12,mse,23,0.1,4.543129,30.365719
12,mse,23,0.15,5.080706,26.631865
13,mae,0,0.05,6.12356,24.568829
13,mae,0,0.075,6.029382,24.298851
13,mae,0,0.1,6.377902,23.786316
13,mae,0,0.15,7.086623,22.724165
13,mse,0,0.05,3.134281,33.568356
13,mse,0,0.075,2.960808,33.091591
13,mse,0,0.1,3.162657,32.039806
13,mse,0,0.15,3.66322,28.722034
13,mae,1,0.05,5.859253,24.623795
13,mae,1,0.075,6.162044,23.726997
13,mae,1,0.1,6.452041,23.450024
13,mae,1,0.15,6.682434,22.781059
13,mse,1,0.05,2.997168,33.752647
13,mse,1,0.075,3.074855,31.593861
13,mse,1,0.1,3.329705,30.716215
13,mse,1,0.15,3.343958,28.929295
13,mae,2,0.05,6.386843,24.503128
13,mae,2,0.075,6.834705,23.405205
13,mae,2,0.1,7.127908,23.221453
13,mae,2,0.15,7.356426,21.849113
13,mse,2,0.05,3.154181,33.543789
13,mse,2,0.075,3.470748,30.832058
13,mse,2,0.1,3.782375,30.354099
13,mse,2,0.15,4.106248,26.930239
13,mae,3,0.05,5.800943,24.111048
13,mae,3,0.075,6.813849,23.15844
13,mae,3,0.1,7.180465,22.46022
13,mae,3,0.15,7.741763,21.331072
13,mse,3,0.05,2.72716,32.460083
13,mse,3,0.075,3.588153,30.177408
13,mse,3,0.1,3.882528,28.442928
13,mse,3,0.15,4.200784,25.975107
13,mae,4,0.05,5.898094,23.699446
13,mae,4,0.075,6.800013,23.143082
13,mae,4,0.1,7.106891,22.29438
13,mae,4,0.15,7.898607,20.919254
13,mse,4,0.05,2.97983,31.489222
13,mse,4,0.075,3.722716,30.145735
13,mse,4,0.1,3.898785,28.091501
13,mse,4,0.15,4.353849,25.197475
13,mae,5,0.05,5.728381,24.554556
13,mae,5,0.075,6.628589,23.251499
13,mae,5,0.1,7.005479,22.433083
13,mae,5,0.15,7.921524,21.723492
13,mse,5,0.05,2.754241,33.663971
13,mse,5,0.075,3.58142,30.206978
13,mse,5,0.1,3.757099,28.322685
13,mse,5,0.15,4.566952,26.892063
13,mae,6,0.05,6.252612,24.466057
13,mae,6,0.075,6.578501,23.270668
13,mae,6,0.1,7.096517,23.054527
13,mae,6,0.15,7.881162,21.595205
13,mse,6,0.05,2.9825,33.416019
13,mse,6,0.075,3.2809,30.319174
13,mse,6,0.1,3.782449,29.950136
13,mse,6,0.15,4.296537,26.825527
13,mae,7,0.05,6.378851,24.54088
13,mae,7,0.075,7.103822,23.679394
13,mae,7,0.1,7.396955,23.03104
13,mae,7,0.15,8.251152,21.797916
13,mse,7,0.05,3.03957,33.835983
13,mse,7,0.075,3.557544,31.623856
13,mse,7,0.1,3.745398,29.880911
13,mse,7,0.15,4.517763,26.775467
13,mae,8,0.05,6.022092,24.532192
13,mae,8,0.075,7.086906,23.887203
13,mae,8,0.1,7.528417,23.506737
13,mae,8,0.15,7.937559,21.734697
13,mse,8,0.05,2.787936,34.461143
13,mse,8,0.075,3.433854,32.819527
13,mse,8,0.1,3.807393,31.484138
13,mse,8,0.15,4.202677,26.4175
13,mae,9,0.05,5.773239,24.308212
13,mae,9,0.075,7.149306,23.412157
13,mae,9,0.1,7.585328,22.916985
13,mae,9,0.15,8.118017,21.733582
13,mse,9,0.05,2.69715,33.573486
13,mse,9,0.075,3.524568,31.243416
13,mse,9,0.1,4.079298,29.640245
13,mse,9,0.15,4.517997,26.56913
13,mae,10,0.05,5.970676,25.028843
13,mae,10,0.075,6.316575,24.021633
13,mae,10,0.1,6.734391,23.339409
13,mae,10,0.15,7.704192,22.109108
13,mse,10,0.05,2.874291,35.230408
13,mse,10,0.075,3.008412,32.250961
13,mse,10,0.1,3.436473,30.550068
13,mse,10,0.15,4.284081,27.832935
13,mae,11,0.05,5.953353,25.133278
13,mae,11,0.075,6.352534,23.964706
13,mae,11,0.1,6.678906,23.536873
13,mae,11,0.15,7.653023,21.857574
13,mse,11,0.05,3.044101,35.133934
13,mse,11,0.075,3.065894,32.192413
13,mse,11,0.1,3.289408,31.012953
13,mse,11,0.15,4.159543,27.541451
13,mae,12,0.05,5.890586,24.807306
13,mae,12,0.075,6.383131,24.116562
13,mae,12,0.1,6.587141,23.335436
13,mae,12,0.15,7.633095,22.0051
13,mse,12,0.05,3.008846,33.830612
13,mse,12,0.075,3.24068,32.494671
13,mse,12,0.1,3.382243,30.772488
13,mse,12,0.15,4.168298,27.186104
13,mae,13,0.05,4.954258,25.140148
13,mae,13,0.075,5.275714,24.165218
13,mae,13,0.1,5.737143,23.391422
13,mae,13,0.15,7.171322,22.077934
13,mse,13,0.05,2.268918,35.002834
13,mse,13,0.075,2.493093,32.694695
13,mse,13,0.1,2.804685,30.933077
13,mse,13,0.15,3.75024,27.861437
13,mae,14,0.05,5.734324,24.79088
13,mae,14,0.075,5.987137,23.819105
13,mae,14,0.1,6.52001,23.700083
13,mae,14,0.15,7.75351,21.890537
13,mse,14,0.05,2.927918,33.858147
13,mse,14,0.075,3.146752,31.481928
13,mse,14,0.1,3.480139,31.396931
13,mse,14,0.15,4.397093,27.439356
13,mae,15,0.05,5.527748,24.756905
13,mae,15,0.075,6.269728,23.708069
13,mae,15,0.1,6.62368,23.483696
13,mae,15,0.15,7.167509,22.33815
13,mse,15,0.05,2.635151,34.084591
13,mse,15,0.075,3.15361,31.063995
13,mse,15,0.1,3.456827,30.78162
13,mse,15,0.15,3.842817,28.533831
13,mae,16,0.05,5.987115,24.725185
13,mae,16,0.075,6.725635,23.651533
13,mae,16,0.1,6.708967,23.030251
13,mae,16,0.15,7.648662,22.201773
13,mse,16,0.05,3.007625,34.190727
13,mse,16,0.075,3.564075,31.583588
13,mse,16,0.1,3.749953,30.109978
13,mse,16,0.15,4.327666,28.304939
13,mae,17,0.05,6.010908,24.783955
13,mae,17,0.075,5.990794,23.892069
13,mae,17,0.1,6.454645,23.623299
13,mae,17,0.15,6.720017,22.182968
13,mse,17,0.05,2.965028,34.405655
13,mse,17,0.075,2.850683,32.355385
13,mse,17,0.1,3.231702,31.687809
13,mse,17,0.15,3.395658,28.462841
13,mae,18,0.05,6.029805,24.565628
13,mae,18,0.075,6.589809,23.825571
13,mae,18,0.1,6.735434,23.36874
13,mae,18,0.15,7.465676,22.135942
13,mse,18,0.05,3.235477,33.700226
13,mse,18,0.075,3.445601,32.136841
13,mse,18,0.1,3.643526,31.218412
13,mse,18,0.15,4.09827,28.355394
13,mae,19,0.05,6.119118,24.57756
13,mae,19,0.075,6.390469,23.312078
13,mae,19,0.1,6.820933,22.674408
13,mae,19,0.15,7.110162,21.732269
13,mse,19,0.05,3.164129,34.018364
13,mse,19,0.075,3.347074,30.611057
13,mse,19,0.1,3.681515,28.840481
13,mse,19,0.15,3.791412,26.716179
13,mae,20,0.05,6.043315,24.380962
13,mae,20,0.075,6.626413,23.532545
13,mae,20,0.1,6.906286,22.882063
13,mae,20,0.15,7.830414,22.038387
13,mse,20,0.05,3.236883,33.12146
13,mse,20,0.075,3.780113,30.751894
13,mse,20,0.1,3.978815,29.262428
13,mse,20,0.15,4.66247,26.889496
13,mae,21,0.05,6.179347,23.762672
13,mae,21,0.075,7.112733,23.28882
13,mae,21,0.1,7.367707,22.42786
13,mae,21,0.15,8.095482,21.352383
13,mse,21,0.05,3.272332,31.615685
13,mse,21,0.075,4.10094,30.502356
13,mse,21,0.1,4.463335,28.586132
13,mse,21,0.15,4.826795,25.63369
13,mae,22,0.05,5.733903,24.24061
13,mae,22,0.075,6.330364,23.586948
13,mae,22,0.1,6.94221,23.12627
13,mae,22,0.15,8.098354,21.843845
13,mse,22,0.05,3.063375,32.832649
13,mse,22,0.075,3.524395,31.514692
13,mse,22,0.1,3.911978,30.475965
13,mse,22,0.15,4.779495,27.078438
13,mae,23,0.05,6.139309,24.381262
13,mae,23,0.075,6.733699,23.624588
13,mae,23,0.1,7.171692,23.38167
13,mae,23,0.15,8.205612,22.707886
13,mse,23,0.05,3.508865,33.069221
13,mse,23,0.075,4.013476,31.043217
13,mse,23,0.1,4.1179,30.385956
13,mse,23,0.15,4.989124,28.983284
